Station,Region,Latitude,Longitude,SampleDate,Year,Month,Season,Temperature_C,Salinity_ppt,TS_Depth_m,Phyto_Layer,H_triquetra_cells_L,P_minimum_cells_L
CB1.1,Upper Bay,39.54794,-76.08481,1984-08-07,1984,8,Summer,27.9,0.0,0.5,AP,0.0,0.0
CB1.1,Upper Bay,39.54794,-76.08481,1984-09-12,1984,9,Fall,24.1,0.0,0.5,AP,0.0,0.0
CB1.1,Upper Bay,39.54794,-76.08481,1984-09-26,1984,9,Fall,22.8,0.0,0.5,AP,0.0,0.0
CB1.1,Upper Bay,39.54794,-76.08481,1984-10-10,1984,10,Fall,17.8,0.0,0.5,AP,0.0,0.0
CB1.1,Upper Bay,39.54794,-76.08481,1984-11-07,1984,11,Fall,15.7,0.0,0.5,AP,0.0,0.0
CB1.1,Upper Bay,39.54794,-76.08481,1984-12-12,1984,12,Winter,2.8,0.0,0.5,AP,0.0,0.0
CB1.1,Upper Bay,39.54794,-76.08481,1985-03-21,1985,3,Spring,5.7,0.0,0.5,AP,0.0,0.0
CB1.1,Upper Bay,39.54794,-76.08481,1985-04-10,1985,4,Spring,8.8,0.0,0.5,AP,0.0,0.0
CB1.1,Upper Bay,39.54794,-76.08481,1985-04-24,1985,4,Spring,16.6,0.0,0.5,AP,14776.0,9516.0
CB1.1,Upper Bay,39.54794,-76.08481,1985-05-08,1985,5,Spring,17.2,0.0,0.5,AP,0.0,29552.0
CB1.1,Upper Bay,39.54794,-76.08481,1985-05-22,1985,5,Spring,21.0,0.0,0.5,AP,0.0,76783.0
CB1.1,Upper Bay,39.54794,-76.08481,1985-06-05,1985,6,Summer,23.3,0.0,0.5,AP,0.0,0.0
CB1.1,Upper Bay,39.54794,-76.08481,1985-06-19,1985,6,Summer,23.2,0.0,0.5,AP,0.0,0.0
CB1.1,Upper Bay,39.54794,-76.08481,1985-07-10,1985,7,Summer,26.2,0.0,0.5,AP,0.0,0.0
CB1.1,Upper Bay,39.54794,-76.08481,1985-07-24,1985,7,Summer,27.7,0.0,0.5,AP,0.0,0.0
CB1.1,Upper Bay,39.54794,-76.08481,1985-08-08,1985,8,Summer,27.2,0.0,0.5,AP,0.0,0.0
CB1.1,Upper Bay,39.54794,-76.08481,1985-08-21,1985,8,Summer,25.9,0.0,0.5,AP,0.0,0.0
CB1.1,Upper Bay,39.54794,-76.08481,1985-09-11,1985,9,Fall,25.8,0.0,0.5,AP,0.0,0.0
CB1.1,Upper Bay,39.54794,-76.08481,1985-09-25,1985,9,Fall,22.4,0.0,0.5,AP,0.0,0.0
CB1.1,Upper Bay,39.54794,-76.08481,1985-10-09,1985,10,Fall,18.7,0.0,0.5,AP,0.0,0.0
CB1.1,Upper Bay,39.54794,-76.08481,1985-11-14,1985,11,Fall,13.7,0.0,0.5,AP,0.0,0.0
CB1.1,Upper Bay,39.54794,-76.08481,1985-12-11,1985,12,Winter,3.6,0.0,0.5,AP,0.0,0.0
CB1.1,Upper Bay,39.54794,-76.08481,1986-03-12,1986,3,Spring,4.4,0.0,0.5,AP,0.0,0.0
CB1.1,Upper Bay,39.54794,-76.08481,1986-04-09,1986,4,Spring,14.4,0.0,0.5,AP,0.0,0.0
CB1.1,Upper Bay,39.54794,-76.08481,1986-04-23,1986,4,Spring,10.6,0.0,0.5,AP,0.0,0.0
CB1.1,Upper Bay,39.54794,-76.08481,1986-05-14,1986,5,Spring,18.4,0.0,0.5,AP,0.0,59104.0
CB1.1,Upper Bay,39.54794,-76.08481,1986-05-28,1986,5,Spring,21.6,0.0,0.5,AP,0.0,0.0
CB1.1,Upper Bay,39.54794,-76.08481,1986-06-11,1986,6,Summer,25.3,0.0,0.5,AP,0.0,0.0
CB1.1,Upper Bay,39.54794,-76.08481,1986-06-25,1986,6,Summer,23.9,0.0,0.5,AP,0.0,0.0
CB1.1,Upper Bay,39.54794,-76.08481,1986-07-17,1986,7,Summer,27.2,0.0,0.5,AP,0.0,0.0
CB1.1,Upper Bay,39.54794,-76.08481,1986-07-30,1986,7,Summer,28.3,0.0,0.5,AP,0.0,0.0
CB1.1,Upper Bay,39.54794,-76.08481,1986-08-13,1986,8,Summer,26.2,0.0,0.5,AP,0.0,0.0
CB1.1,Upper Bay,39.54794,-76.08481,1986-08-27,1986,8,Summer,24.6,0.0,0.5,AP,0.0,0.0
CB1.1,Upper Bay,39.54794,-76.08481,1986-09-10,1986,9,Fall,22.4,0.0,0.5,AP,0.0,0.0
CB1.1,Upper Bay,39.54794,-76.08481,1986-09-24,1986,9,Fall,22.2,0.0,0.5,AP,0.0,0.0
CB1.1,Upper Bay,39.54794,-76.08481,1986-10-06,1986,10,Fall,22.4,0.0,0.5,AP,0.0,0.0
CB1.1,Upper Bay,39.54794,-76.08481,1986-11-19,1986,11,Fall,6.2,0.0,0.5,AP,0.0,0.0
CB1.1,Upper Bay,39.54794,-76.08481,1986-12-10,1986,12,Winter,5.4,0.0,0.5,AP,0.0,0.0
CB1.1,Upper Bay,39.54794,-76.08481,1987-01-07,1987,1,Winter,2.2,0.0,0.5,AP,0.0,0.0
CB1.1,Upper Bay,39.54794,-76.08481,1987-03-16,1987,3,Spring,4.6,0.0,0.5,AP,0.0,0.0
CB1.1,Upper Bay,39.54794,-76.08481,1987-04-08,1987,4,Spring,7.1,0.0,0.5,AP,0.0,0.0
CB1.1,Upper Bay,39.54794,-76.08481,1987-04-22,1987,4,Spring,13.5,0.0,0.5,AP,0.0,0.0
CB1.1,Upper Bay,39.54794,-76.08481,1987-05-05,1987,5,Spring,14.3,0.0,0.5,AP,0.0,14776.0
CB1.1,Upper Bay,39.54794,-76.08481,1987-05-20,1987,5,Spring,18.7,0.0,0.5,AP,0.0,29552.0
CB1.1,Upper Bay,39.54794,-76.08481,1987-06-03,1987,6,Summer,22.3,0.0,0.5,AP,0.0,0.0
CB1.1,Upper Bay,39.54794,-76.08481,1987-06-17,1987,6,Summer,24.5,0.0,0.5,AP,0.0,0.0
CB1.1,Upper Bay,39.54794,-76.08481,1987-07-08,1987,7,Summer,26.6,0.0,0.5,AP,0.0,0.0
CB1.1,Upper Bay,39.54794,-76.08481,1987-07-22,1987,7,Summer,28.3,0.0,0.5,AP,0.0,14776.0
CB1.1,Upper Bay,39.54794,-76.08481,1987-08-05,1987,8,Summer,29.4,0.0,0.5,AP,0.0,0.0
CB1.1,Upper Bay,39.54794,-76.08481,1987-08-19,1987,8,Summer,28.2,0.0,0.5,AP,0.0,0.0
CB1.1,Upper Bay,39.54794,-76.08481,1987-09-03,1987,9,Fall,23.7,0.0,0.5,AP,14776.0,0.0
CB1.1,Upper Bay,39.54794,-76.08481,1987-09-16,1987,9,Fall,23.4,0.0,0.5,AP,0.0,0.0
CB1.1,Upper Bay,39.54794,-76.08481,1987-10-07,1987,10,Fall,16.5,0.0,0.5,AP,0.0,0.0
CB1.1,Upper Bay,39.54794,-76.08481,1987-11-18,1987,11,Fall,9.1,0.0,0.5,AP,0.0,0.0
CB1.1,Upper Bay,39.54794,-76.08481,1987-12-16,1987,12,Winter,4.3,0.0,0.5,AP,0.0,0.0
CB1.1,Upper Bay,39.54794,-76.08481,1988-03-18,1988,3,Spring,4.7,0.0,0.5,AP,0.0,0.0
CB1.1,Upper Bay,39.54794,-76.08481,1988-04-13,1988,4,Spring,11.1,0.0,0.5,AP,0.0,0.0
CB1.1,Upper Bay,39.54794,-76.08481,1988-04-27,1988,4,Spring,12.0,0.0,0.5,AP,0.0,0.0
CB1.1,Upper Bay,39.54794,-76.08481,1988-05-11,1988,5,Spring,15.6,0.0,0.5,AP,0.0,0.0
CB1.1,Upper Bay,39.54794,-76.08481,1988-05-25,1988,5,Spring,17.3,0.0,0.5,AP,0.0,0.0
CB1.1,Upper Bay,39.54794,-76.08481,1988-06-08,1988,6,Summer,22.4,0.0,0.5,AP,0.0,0.0
CB1.1,Upper Bay,39.54794,-76.08481,1988-06-22,1988,6,Summer,26.7,0.0,0.5,AP,0.0,0.0
CB1.1,Upper Bay,39.54794,-76.08481,1988-07-07,1988,7,Summer,26.9,0.0,0.5,AP,0.0,0.0
CB1.1,Upper Bay,39.54794,-76.08481,1988-07-20,1988,7,Summer,28.3,0.0,0.5,AP,0.0,0.0
CB1.1,Upper Bay,39.54794,-76.08481,1988-08-10,1988,8,Summer,29.7,0.0,0.5,AP,0.0,0.0
CB1.1,Upper Bay,39.54794,-76.08481,1988-08-24,1988,8,Summer,25.8,0.0,0.5,AP,0.0,0.0
CB1.1,Upper Bay,39.54794,-76.08481,1988-09-08,1988,9,Fall,23.0,0.0,0.5,AP,0.0,0.0
CB1.1,Upper Bay,39.54794,-76.08481,1988-09-20,1988,9,Fall,21.7,0.0,0.5,AP,0.0,0.0
CB1.1,Upper Bay,39.54794,-76.08481,1988-10-05,1988,10,Fall,19.9,0.0,0.5,AP,0.0,0.0
CB1.1,Upper Bay,39.54794,-76.08481,1988-11-21,1988,11,Fall,8.3,0.0,0.5,AP,0.0,0.0
CB1.1,Upper Bay,39.54794,-76.08481,1988-12-07,1988,12,Winter,5.3,0.0,0.5,AP,0.0,0.0
CB1.1,Upper Bay,39.54794,-76.08481,1989-01-19,1989,1,Winter,1.6,0.0,0.5,AP,0.0,0.0
CB1.1,Upper Bay,39.54794,-76.08481,1989-03-22,1989,3,Spring,7.2,0.0,0.5,AP,0.0,0.0
CB1.1,Upper Bay,39.54794,-76.08481,1989-04-05,1989,4,Spring,8.6,0.0,0.5,AP,0.0,0.0
CB1.1,Upper Bay,39.54794,-76.08481,1989-04-19,1989,4,Spring,11.7,0.0,0.5,AP,0.0,0.0
CB1.1,Upper Bay,39.54794,-76.08481,1989-05-03,1989,5,Spring,15.9,0.0,0.5,AP,0.0,0.0
CB1.1,Upper Bay,39.54794,-76.08481,1989-05-17,1989,5,Spring,11.5,0.0,0.5,AP,0.0,0.0
CB1.1,Upper Bay,39.54794,-76.08481,1989-06-14,1989,6,Summer,21.8,0.0,0.5,AP,0.0,0.0
CB1.1,Upper Bay,39.54794,-76.08481,1989-06-28,1989,6,Summer,22.6,0.0,0.5,AP,0.0,0.0
CB1.1,Upper Bay,39.54794,-76.08481,1989-07-12,1989,7,Summer,26.4,0.0,0.5,WC,0.0,0.0
CB1.1,Upper Bay,39.54794,-76.08481,1989-07-26,1989,7,Summer,25.1,0.0,0.5,WC,0.0,0.0
CB1.1,Upper Bay,39.54794,-76.08481,1989-08-16,1989,8,Summer,25.2,0.0,0.5,WC,0.0,0.0
CB1.1,Upper Bay,39.54794,-76.08481,1989-08-30,1989,8,Summer,25.8,0.0,0.5,WC,0.0,0.0
CB1.1,Upper Bay,39.54794,-76.08481,1989-09-13,1989,9,Fall,25.2,0.0,0.5,WC,0.0,0.0
CB1.1,Upper Bay,39.54794,-76.08481,1989-09-27,1989,9,Fall,21.5,0.0,0.5,WC,0.0,0.0
CB1.1,Upper Bay,39.54794,-76.08481,1989-10-11,1989,10,Fall,16.4,0.0,0.5,WC,0.0,0.0
CB1.1,Upper Bay,39.54794,-76.08481,1989-11-14,1989,11,Fall,12.0,0.0,0.5,WC,0.0,0.0
CB1.1,Upper Bay,39.54794,-76.08481,1989-12-13,1989,12,Winter,1.4,0.0,0.5,WC,0.0,0.0
CB1.1,Upper Bay,39.54794,-76.08481,1990-01-10,1990,1,Winter,3.2,0.0,0.5,WC,0.0,0.0
CB1.1,Upper Bay,39.54794,-76.08481,1990-02-07,1990,2,Winter,4.0,0.0,0.5,WC,0.0,0.0
CB1.1,Upper Bay,39.54794,-76.08481,1990-03-07,1990,3,Spring,3.4,0.0,0.5,WC,0.0,0.0
CB1.1,Upper Bay,39.54794,-76.08481,1990-04-04,1990,4,Spring,7.9,0.0,0.5,WC,0.0,0.0
CB1.1,Upper Bay,39.54794,-76.08481,1990-04-18,1990,4,Spring,9.5,0.0,0.5,WC,0.0,0.0
CB1.1,Upper Bay,39.54794,-76.08481,1990-05-16,1990,5,Spring,16.1,0.0,0.5,WC,0.0,0.0
CB1.1,Upper Bay,39.54794,-76.08481,1990-05-31,1990,5,Spring,17.2,0.0,0.5,WC,0.0,0.0
CB1.1,Upper Bay,39.54794,-76.08481,1990-06-13,1990,6,Summer,23.6,0.0,0.5,WC,0.0,0.0
CB1.1,Upper Bay,39.54794,-76.08481,1990-06-27,1990,6,Summer,26.7,0.0,0.5,WC,0.0,0.0
CB1.1,Upper Bay,39.54794,-76.08481,1990-07-18,1990,7,Summer,23.3,0.0,0.5,WC,0.0,0.0
CB1.1,Upper Bay,39.54794,-76.08481,1990-08-01,1990,8,Summer,26.5,0.0,0.5,WC,0.0,0.0
CB1.1,Upper Bay,39.54794,-76.08481,1990-08-15,1990,8,Summer,26.9,0.0,0.5,WC,0.0,0.0
CB1.1,Upper Bay,39.54794,-76.08481,1990-08-29,1990,8,Summer,24.8,0.0,0.5,WC,0.0,0.0
CB1.1,Upper Bay,39.54794,-76.08481,1990-09-12,1990,9,Fall,26.2,0.0,0.5,WC,0.0,0.0
CB1.1,Upper Bay,39.54794,-76.08481,1990-09-26,1990,9,Fall,20.2,0.0,0.5,WC,0.0,0.0
CB1.1,Upper Bay,39.54794,-76.08481,1990-10-17,1990,10,Fall,17.6,0.0,0.5,WC,0.0,0.0
CB1.1,Upper Bay,39.54794,-76.08481,1990-11-13,1990,11,Fall,7.7,0.0,0.5,WC,0.0,0.0
CB1.1,Upper Bay,39.54794,-76.08481,1990-12-12,1990,12,Winter,5.0,0.0,0.5,WC,0.0,0.0
CB1.1,Upper Bay,39.54794,-76.08481,1991-01-09,1991,1,Winter,2.0,0.0,0.5,WC,0.0,0.0
CB1.1,Upper Bay,39.54794,-76.08481,1991-02-13,1991,2,Winter,3.8,0.0,0.5,WC,0.0,0.0
CB1.1,Upper Bay,39.54794,-76.08481,1991-03-14,1991,3,Spring,5.0,0.0,0.5,WC,0.0,0.0
CB1.1,Upper Bay,39.54794,-76.08481,1991-04-10,1991,4,Spring,13.7,0.0,0.5,WC,0.0,0.0
CB1.1,Upper Bay,39.54794,-76.08481,1991-04-24,1991,4,Spring,12.3,0.0,0.5,WC,0.0,0.0
CB1.1,Upper Bay,39.54794,-76.08481,1991-05-08,1991,5,Spring,17.2,0.0,0.5,WC,0.0,0.0
CB1.1,Upper Bay,39.54794,-76.08481,1991-05-22,1991,5,Spring,22.9,0.0,0.5,WC,0.0,0.0
CB1.1,Upper Bay,39.54794,-76.08481,1991-06-06,1991,6,Summer,26.6,0.0,0.5,WC,0.0,0.0
CB1.1,Upper Bay,39.54794,-76.08481,1991-06-19,1991,6,Summer,25.7,0.0,0.5,WC,0.0,0.0
CB1.1,Upper Bay,39.54794,-76.08481,1991-07-10,1991,7,Summer,27.4,0.0,0.5,WC,0.0,0.0
CB1.1,Upper Bay,39.54794,-76.08481,1991-07-24,1991,7,Summer,29.2,0.0,0.5,WC,0.0,0.0
CB1.1,Upper Bay,39.54794,-76.08481,1991-08-07,1991,8,Summer,27.6,0.0,0.5,WC,0.0,0.0
CB1.1,Upper Bay,39.54794,-76.08481,1991-08-22,1991,8,Summer,27.2,0.0,0.5,WC,0.0,0.0
CB1.1,Upper Bay,39.54794,-76.08481,1991-09-05,1991,9,Fall,25.5,0.0,0.5,WC,0.0,0.0
CB1.1,Upper Bay,39.54794,-76.08481,1991-09-18,1991,9,Fall,27.0,0.0,0.5,WC,0.0,0.0
CB1.1,Upper Bay,39.54794,-76.08481,1991-10-03,1991,10,Fall,21.1,0.0,0.5,WC,0.0,0.0
CB1.1,Upper Bay,39.54794,-76.08481,1991-11-05,1991,11,Fall,11.7,0.14,0.5,WC,0.0,0.0
CB1.1,Upper Bay,39.54794,-76.08481,1991-12-03,1991,12,Winter,8.9,0.0,0.5,WC,0.0,0.0
CB1.1,Upper Bay,39.54794,-76.08481,1992-01-08,1992,1,Winter,4.0,0.0,0.5,WC,0.0,0.0
CB1.1,Upper Bay,39.54794,-76.08481,1992-02-12,1992,2,Winter,2.5,0.0,0.5,WC,0.0,0.0
CB1.1,Upper Bay,39.54794,-76.08481,1992-03-16,1992,3,Spring,4.2,0.0,0.5,WC,0.0,0.0
CB1.1,Upper Bay,39.54794,-76.08481,1992-04-16,1992,4,Spring,12.2,0.0,0.5,WC,0.0,0.0
CB1.1,Upper Bay,39.54794,-76.08481,1992-04-29,1992,4,Spring,14.0,0.0,0.5,WC,0.0,0.0
CB1.1,Upper Bay,39.54794,-76.08481,1992-05-13,1992,5,Spring,16.7,0.0,0.5,WC,0.0,0.0
CB1.1,Upper Bay,39.54794,-76.08481,1992-05-28,1992,5,Spring,19.8,0.0,0.5,WC,0.0,0.0
CB1.1,Upper Bay,39.54794,-76.08481,1992-06-10,1992,6,Summer,22.4,0.0,0.5,WC,0.0,0.0
CB1.1,Upper Bay,39.54794,-76.08481,1992-06-24,1992,6,Summer,23.3,0.0,0.5,WC,0.0,0.0
CB1.1,Upper Bay,39.54794,-76.08481,1992-07-08,1992,7,Summer,25.8,0.0,0.5,WC,0.0,0.0
CB1.1,Upper Bay,39.54794,-76.08481,1992-07-22,1992,7,Summer,27.4,0.0,0.5,WC,0.0,0.0
CB1.1,Upper Bay,39.54794,-76.08481,1992-08-13,1992,8,Summer,25.6,0.0,0.5,WC,0.0,0.0
CB1.1,Upper Bay,39.54794,-76.08481,1992-08-26,1992,8,Summer,25.0,0.0,0.5,WC,0.0,0.0
CB1.1,Upper Bay,39.54794,-76.08481,1992-09-10,1992,9,Fall,25.1,0.0,0.5,WC,0.0,0.0
CB1.1,Upper Bay,39.54794,-76.08481,1992-09-29,1992,9,Fall,20.7,0.0,0.5,WC,0.0,0.0
CB1.1,Upper Bay,39.54794,-76.08481,1992-10-08,1992,10,Fall,16.6,0.0,0.5,WC,0.0,0.0
CB1.1,Upper Bay,39.54794,-76.08481,1992-11-19,1992,11,Fall,6.4,0.0,0.5,WC,0.0,0.0
CB1.1,Upper Bay,39.54794,-76.08481,1992-12-09,1992,12,Winter,4.4,0.0,0.5,WC,0.0,0.0
CB1.1,Upper Bay,39.54794,-76.08481,1993-01-06,1993,1,Winter,4.4,0.0,0.5,WC,0.0,0.0
CB1.1,Upper Bay,39.54794,-76.08481,1993-02-10,1993,2,Winter,1.8,0.0,0.5,WC,0.0,0.0
CB1.1,Upper Bay,39.54794,-76.08481,1993-03-11,1993,3,Spring,4.1,0.0,0.5,WC,0.0,0.0
CB1.1,Upper Bay,39.54794,-76.08481,1993-04-14,1993,4,Spring,8.9,0.0,0.5,WC,0.0,0.0
CB1.1,Upper Bay,39.54794,-76.08481,1993-04-29,1993,4,Spring,11.2,0.0,0.5,WC,0.0,0.0
CB1.1,Upper Bay,39.54794,-76.08481,1993-05-12,1993,5,Spring,21.2,0.0,0.5,WC,0.0,0.0
CB1.1,Upper Bay,39.54794,-76.08481,1993-05-26,1993,5,Spring,20.9,0.0,0.5,WC,0.0,0.0
CB1.1,Upper Bay,39.54794,-76.08481,1993-06-16,1993,6,Summer,25.0,0.0,0.5,WC,0.0,0.0
CB1.1,Upper Bay,39.54794,-76.08481,1993-06-30,1993,6,Summer,27.7,0.0,0.5,WC,0.0,0.0
CB1.1,Upper Bay,39.54794,-76.08481,1993-07-14,1993,7,Summer,30.3,0.0,0.5,WC,0.0,0.0
CB1.1,Upper Bay,39.54794,-76.08481,1993-07-28,1993,7,Summer,28.2,0.0,0.5,WC,0.0,0.0
CB1.1,Upper Bay,39.54794,-76.08481,1993-08-11,1993,8,Summer,27.3,0.0,0.5,WC,0.0,0.0
CB1.1,Upper Bay,39.54794,-76.08481,1993-08-25,1993,8,Summer,27.1,0.0,0.5,WC,0.0,0.0
CB1.1,Upper Bay,39.54794,-76.08481,1993-09-15,1993,9,Fall,25.5,0.0,0.5,WC,0.0,0.0
CB1.1,Upper Bay,39.54794,-76.08481,1993-09-29,1993,9,Fall,20.6,0.0,0.5,WC,0.0,0.0
CB1.1,Upper Bay,39.54794,-76.08481,1993-10-14,1993,10,Fall,15.5,0.0,0.5,WC,0.0,0.0
CB1.1,Upper Bay,39.54794,-76.08481,1993-11-17,1993,11,Fall,9.4,0.0,0.5,WC,0.0,0.0
CB1.1,Upper Bay,39.54794,-76.08481,1993-12-08,1993,12,Winter,6.7,0.0,0.5,WC,0.0,0.0
CB1.1,Upper Bay,39.54794,-76.08481,1994-03-09,1994,3,Spring,1.5,0.0,0.5,WC,0.0,0.0
CB1.1,Upper Bay,39.54794,-76.08481,1994-04-06,1994,4,Spring,8.5,0.0,0.5,WC,0.0,0.0
CB1.1,Upper Bay,39.54794,-76.08481,1994-04-20,1994,4,Spring,12.5,0.0,0.5,WC,0.0,0.0
CB1.1,Upper Bay,39.54794,-76.08481,1994-05-04,1994,5,Spring,17.2,0.0,0.5,WC,0.0,0.0
CB1.1,Upper Bay,39.54794,-76.08481,1994-05-31,1994,5,Spring,22.0,0.0,0.5,WC,0.0,0.0
CB1.1,Upper Bay,39.54794,-76.08481,1994-06-15,1994,6,Summer,26.8,0.0,0.5,WC,0.0,0.0
CB1.1,Upper Bay,39.54794,-76.08481,1994-06-29,1994,6,Summer,28.1,0.0,0.5,WC,0.0,0.0
CB1.1,Upper Bay,39.54794,-76.08481,1994-07-13,1994,7,Summer,29.2,0.0,0.5,WC,0.0,0.0
CB1.1,Upper Bay,39.54794,-76.08481,1994-07-27,1994,7,Summer,28.7,0.0,0.5,WC,0.0,0.0
CB1.1,Upper Bay,39.54794,-76.08481,1994-08-17,1994,8,Summer,25.8,0.0,0.5,WC,0.0,0.0
CB1.1,Upper Bay,39.54794,-76.08481,1994-08-31,1994,8,Summer,23.6,0.0,0.5,WC,0.0,0.0
CB1.1,Upper Bay,39.54794,-76.08481,1994-09-14,1994,9,Fall,23.5,0.0,0.5,WC,0.0,0.0
CB1.1,Upper Bay,39.54794,-76.08481,1994-09-28,1994,9,Fall,22.0,0.0,0.5,WC,0.0,0.0
CB1.1,Upper Bay,39.54794,-76.08481,1994-10-13,1994,10,Fall,16.3,0.0,0.5,WC,0.0,0.0
CB1.1,Upper Bay,39.54794,-76.08481,1994-11-16,1994,11,Fall,13.2,0.0,0.5,WC,0.0,0.0
CB1.1,Upper Bay,39.54794,-76.08481,1994-12-14,1994,12,Winter,5.1,0.0,0.5,WC,0.0,0.0
CB1.1,Upper Bay,39.54794,-76.08481,1995-01-11,1995,1,Winter,2.0,0.0,0.5,WC,0.0,0.0
CB1.1,Upper Bay,39.54794,-76.08481,1995-03-22,1995,3,Spring,10.7,0.0,0.5,WC,0.0,0.0
CB1.1,Upper Bay,39.54794,-76.08481,1995-04-12,1995,4,Spring,11.9,0.0,0.5,WC,0.0,0.0
CB1.1,Upper Bay,39.54794,-76.08481,1995-04-26,1995,4,Spring,15.2,0.0,0.5,WC,0.0,13798.0
CB1.1,Upper Bay,39.54794,-76.08481,1995-05-10,1995,5,Spring,17.5,0.0,0.5,WC,0.0,0.0
CB1.1,Upper Bay,39.54794,-76.08481,1995-05-24,1995,5,Spring,21.4,0.0,0.5,WC,0.0,0.0
CB1.1,Upper Bay,39.54794,-76.08481,1995-06-07,1995,6,Summer,24.3,0.0,0.5,WC,0.0,115080.0
CB1.1,Upper Bay,39.54794,-76.08481,1995-06-21,1995,6,Summer,26.0,0.0,0.5,WC,0.0,0.0
CB1.1,Upper Bay,39.54794,-76.08481,1995-07-12,1995,7,Summer,26.5,0.0,0.5,WC,0.0,0.0
CB1.1,Upper Bay,39.54794,-76.08481,1995-07-26,1995,7,Summer,30.3,0.0,0.5,WC,0.0,0.0
CB1.1,Upper Bay,39.54794,-76.08481,1995-08-09,1995,8,Summer,27.9,0.0,0.5,WC,0.0,0.0
CB1.1,Upper Bay,39.54794,-76.08481,1995-08-23,1995,8,Summer,28.6,0.0,0.5,WC,0.0,0.0
CB1.1,Upper Bay,39.54794,-76.08481,1995-09-07,1995,9,Fall,26.4,0.0,0.5,WC,0.0,0.0
CB1.1,Upper Bay,39.54794,-76.08481,1995-09-20,1995,9,Fall,22.9,0.0,0.5,WC,0.0,0.0
CB1.1,Upper Bay,39.54794,-76.08481,1995-10-04,1995,10,Fall,20.8,0.02,0.5,WC,0.0,0.0
CB1.1,Upper Bay,39.54794,-76.08481,1995-11-17,1995,11,Fall,5.5,0.0,0.5,WC,0.0,0.0
CB1.1,Upper Bay,39.54794,-76.08481,1995-12-14,1995,12,Winter,2.0,0.0,0.5,WC,0.0,0.0
CB1.1,Upper Bay,39.54794,-76.08481,2010-03-17,2010,3,Spring,6.9,0.0,0.5,WC,0.0,0.0
CB1.1,Upper Bay,39.54794,-76.08481,2010-04-14,2010,4,Spring,16.1,0.0,0.5,WC,0.0,0.0
CB1.1,Upper Bay,39.54794,-76.08481,2010-05-12,2010,5,Spring,18.2,0.0,0.5,WC,0.0,0.0
CB1.1,Upper Bay,39.54794,-76.08481,2010-08-04,2010,8,Summer,29.2,0.0,0.5,WC,0.0,0.0
CB1.1,Upper Bay,39.54794,-76.08481,2010-08-25,2010,8,Summer,26.1,0.0,0.5,WC,0.0,0.0
CB1.1,Upper Bay,39.54794,-76.08481,2010-09-22,2010,9,Fall,23.0,0.0,0.5,WC,0.0,0.0
CB1.1,Upper Bay,39.54794,-76.08481,2011-03-16,2011,3,Spring,5.3,0.0,0.5,WC,0.0,0.0
CB1.1,Upper Bay,39.54794,-76.08481,2011-04-13,2011,4,Spring,9.8,0.0,0.5,WC,0.0,0.0
CB1.1,Upper Bay,39.54794,-76.08481,2011-05-11,2011,5,Spring,14.6,0.0,0.5,WC,0.0,0.0
CB1.1,Upper Bay,39.54794,-76.08481,2011-07-13,2011,7,Summer,29.7,0.0,0.5,WC,0.0,0.0
CB1.1,Upper Bay,39.54794,-76.08481,2011-08-10,2011,8,Summer,30.0,0.0,0.5,WC,0.0,0.0
CB1.1,Upper Bay,39.54794,-76.08481,2011-09-21,2011,9,Fall,18.8,0.0,0.5,WC,0.0,0.0
CB1.1,Upper Bay,39.54794,-76.08481,2016-04-13,2016,4,Spring,10.1,0.0,0.5,WC,0.0,0.0
CB1.1,Upper Bay,39.54794,-76.08481,2016-05-11,2016,5,Spring,15.7,0.0,0.5,WC,0.0,0.0
CB1.1,Upper Bay,39.54794,-76.08481,2016-06-08,2016,6,Summer,26.9,0.0,0.5,WC,0.0,0.0
CB1.1,Upper Bay,39.54794,-76.08481,2016-07-13,2016,7,Summer,28.7,0.0,0.5,WC,0.0,0.0
CB1.1,Upper Bay,39.54794,-76.08481,2016-08-10,2016,8,Summer,29.7,0.0,0.5,WC,0.0,0.0
CB1.1,Upper Bay,39.54794,-76.08481,2016-09-21,2016,9,Fall,25.8,0.0,0.5,WC,0.0,0.0
CB1.1,Upper Bay,39.54794,-76.08481,2016-10-19,2016,10,Fall,20.9,0.09,0.5,WC,0.0,0.0
CB1.1,Upper Bay,39.54794,-76.08481,2016-11-16,2016,11,Fall,11.5,0.0,0.5,WC,0.0,0.0
CB1.1,Upper Bay,39.54794,-76.08481,2017-03-21,2017,3,Spring,5.2,0.0,0.5,WC,0.0,0.0
CB1.1,Upper Bay,39.54794,-76.08481,2017-04-13,2017,4,Spring,12.1,0.0,0.5,WC,0.0,0.0
CB1.1,Upper Bay,39.54794,-76.08481,2017-05-11,2017,5,Spring,13.5,0.0,0.5,WC,0.0,0.0
CB1.1,Upper Bay,39.54794,-76.08481,2017-06-08,2017,6,Summer,21.2,0.0,0.5,WC,0.0,0.0
CB1.1,Upper Bay,39.54794,-76.08481,2017-07-12,2017,7,Summer,28.8,0.0,0.5,WC,0.0,0.0
CB1.1,Upper Bay,39.54794,-76.08481,2017-08-10,2017,8,Summer,26.9,0.0,0.5,WC,0.0,0.0
CB1.1,Upper Bay,39.54794,-76.08481,2017-09-27,2017,9,Fall,26.3,,0.5,WC,0.0,0.0
CB1.1,Upper Bay,39.54794,-76.08481,2017-11-01,2017,11,Fall,15.1,0.0,0.5,WC,0.0,0.0
CB1.1,Upper Bay,39.54794,-76.08481,2017-11-15,2017,11,Fall,8.9,0.0,0.5,WC,0.0,0.0
CB1.1,Upper Bay,39.54794,-76.08481,2018-03-29,2018,3,Spring,7.4,0.0,0.5,WC,0.0,0.0
CB1.1,Upper Bay,39.54794,-76.08481,2018-04-25,2018,4,Spring,11.5,0.0,0.5,WC,0.0,0.0
CB1.1,Upper Bay,39.54794,-76.08481,2018-05-16,2018,5,Spring,19.9,0.0,0.5,WC,0.0,7000.0
CB1.1,Upper Bay,39.54794,-76.08481,2018-06-06,2018,6,Summer,23.5,0.0,0.5,WC,0.0,0.0
CB1.1,Upper Bay,39.54794,-76.08481,2018-07-11,2018,7,Summer,29.9,0.0,0.5,WC,0.0,0.0
CB1.1,Upper Bay,39.54794,-76.08481,2018-08-08,2018,8,Summer,25.1,0.0,0.5,WC,0.0,0.0
CB1.1,Upper Bay,39.54794,-76.08481,2018-09-19,2018,9,Fall,21.2,0.0,0.5,WC,0.0,0.0
CB1.1,Upper Bay,39.54794,-76.08481,2018-11-30,2018,11,Fall,4.4,0.0,0.5,WC,0.0,0.0
CB1.1,Upper Bay,39.54794,-76.08481,2019-03-13,2019,3,Spring,5.6,0.0,0.5,WC,0.0,0.0
CB1.1,Upper Bay,39.54794,-76.08481,2019-05-23,2019,5,Spring,19.3,0.0,0.5,WC,0.0,0.0
CB1.1,Upper Bay,39.54794,-76.08481,2019-06-06,2019,6,Summer,21.2,0.0,0.5,WC,0.0,0.0
CB1.1,Upper Bay,39.54794,-76.08481,2019-07-10,2019,7,Summer,29.1,0.0,0.5,WC,0.0,0.0
CB1.1,Upper Bay,39.54794,-76.08481,2019-08-07,2019,8,Summer,30.5,0.0,0.5,WC,0.0,0.0
CB1.1,Upper Bay,39.54794,-76.08481,2019-09-18,2019,9,Fall,25.1,0.0,0.5,WC,0.0,0.0
CB1.1,Upper Bay,39.54794,-76.08481,2019-10-22,2019,10,Fall,17.7,0.0,0.5,WC,0.0,0.0
CB1.1,Upper Bay,39.54794,-76.08481,2019-11-20,2019,11,Fall,8.4,0.0,0.5,WC,0.0,0.0
CB2.2,Upper Bay,39.34873,-76.17579,1984-08-07,1984,8,Summer,27.0,0.0,0.5,AP,0.0,0.0
CB2.2,Upper Bay,39.34873,-76.17579,1984-08-30,1984,8,Summer,26.1,1.12,0.5,AP,0.0,0.0
CB2.2,Upper Bay,39.34873,-76.17579,1984-09-12,1984,9,Fall,22.9,3.41,0.5,AP,0.0,0.0
CB2.2,Upper Bay,39.34873,-76.17579,1984-09-26,1984,9,Fall,22.1,5.51,0.5,AP,0.0,0.0
CB2.2,Upper Bay,39.34873,-76.17579,1984-10-10,1984,10,Fall,16.2,5.57,0.5,AP,0.0,13127.0
CB2.2,Upper Bay,39.34873,-76.17579,1984-11-07,1984,11,Fall,14.7,5.51,0.5,AP,0.0,0.0
CB2.2,Upper Bay,39.34873,-76.17579,1984-12-12,1984,12,Winter,4.6,1.97,0.5,AP,0.0,0.0
CB2.2,Upper Bay,39.34873,-76.17579,1985-03-21,1985,3,Spring,6.0,0.62,0.5,AP,0.0,0.0
CB2.2,Upper Bay,39.34873,-76.17579,1985-04-10,1985,4,Spring,8.4,0.0,0.5,AP,0.0,0.0
CB2.2,Upper Bay,39.34873,-76.17579,1985-04-24,1985,4,Spring,15.5,1.46,0.5,AP,0.0,2269866.0
CB2.2,Upper Bay,39.34873,-76.17579,1985-05-08,1985,5,Spring,17.3,0.84,0.5,AP,0.0,131455.0
CB2.2,Upper Bay,39.34873,-76.17579,1985-05-22,1985,5,Spring,19.7,1.17,0.5,AP,0.0,1339172.0
CB2.2,Upper Bay,39.34873,-76.17579,1985-06-05,1985,6,Summer,22.5,0.95,0.5,AP,0.0,0.0
CB2.2,Upper Bay,39.34873,-76.17579,1985-06-19,1985,6,Summer,22.1,1.57,0.5,AP,0.0,0.0
CB2.2,Upper Bay,39.34873,-76.17579,1985-07-10,1985,7,Summer,25.3,3.06,0.5,AP,0.0,22732.0
CB2.2,Upper Bay,39.34873,-76.17579,1985-07-24,1985,7,Summer,26.7,3.06,0.5,AP,0.0,0.0
CB2.2,Upper Bay,39.34873,-76.17579,1985-08-08,1985,8,Summer,25.7,3.35,0.5,AP,0.0,0.0
CB2.2,Upper Bay,39.34873,-76.17579,1985-08-21,1985,8,Summer,25.7,4.66,0.5,AP,0.0,11419.0
CB2.2,Upper Bay,39.34873,-76.17579,1985-09-11,1985,9,Fall,25.8,6.82,0.5,AP,0.0,33802.0
CB2.2,Upper Bay,39.34873,-76.17579,1985-09-25,1985,9,Fall,21.4,8.12,0.5,AP,0.0,0.0
CB2.2,Upper Bay,39.34873,-76.17579,1985-10-09,1985,10,Fall,18.4,4.76,0.5,AP,0.0,0.0
CB2.2,Upper Bay,39.34873,-76.17579,1985-11-14,1985,11,Fall,13.5,5.37,0.5,AP,0.0,0.0
CB2.2,Upper Bay,39.34873,-76.17579,1985-12-11,1985,12,Winter,5.2,1.48,0.5,AP,0.0,0.0
CB2.2,Upper Bay,39.34873,-76.17579,1986-01-08,1986,1,Winter,-0.1,0.54,0.5,AP,0.0,0.0
CB2.2,Upper Bay,39.34873,-76.17579,1986-03-12,1986,3,Spring,3.8,0.0,0.5,AP,0.0,0.0
CB2.2,Upper Bay,39.34873,-76.17579,1986-04-09,1986,4,Spring,12.1,0.97,0.5,AP,0.0,0.0
CB2.2,Upper Bay,39.34873,-76.17579,1986-04-23,1986,4,Spring,10.4,0.0,0.5,AP,0.0,0.0
CB2.2,Upper Bay,39.34873,-76.17579,1986-05-14,1986,5,Spring,17.1,1.52,0.5,AP,0.0,177312.0
CB2.2,Upper Bay,39.34873,-76.17579,1986-05-28,1986,5,Spring,22.0,0.02,0.5,AP,0.0,0.0
CB2.2,Upper Bay,39.34873,-76.17579,1986-06-11,1986,6,Summer,24.2,0.0,0.5,AP,0.0,0.0
CB2.2,Upper Bay,39.34873,-76.17579,1986-06-25,1986,6,Summer,23.8,0.0,0.5,AP,0.0,0.0
CB2.2,Upper Bay,39.34873,-76.17579,1986-07-17,1986,7,Summer,25.4,3.11,0.5,AP,0.0,0.0
CB2.2,Upper Bay,39.34873,-76.17579,1986-07-30,1986,7,Summer,27.4,2.29,0.5,AP,0.0,0.0
CB2.2,Upper Bay,39.34873,-76.17579,1986-08-13,1986,8,Summer,25.7,0.97,0.5,AP,0.0,0.0
CB2.2,Upper Bay,39.34873,-76.17579,1986-08-27,1986,8,Summer,24.0,4.33,0.5,AP,0.0,5710.0
CB2.2,Upper Bay,39.34873,-76.17579,1986-09-10,1986,9,Fall,21.9,4.31,0.5,AP,0.0,29552.0
CB2.2,Upper Bay,39.34873,-76.17579,1986-09-24,1986,9,Fall,21.3,4.87,0.5,AP,0.0,29552.0
CB2.2,Upper Bay,39.34873,-76.17579,1986-10-06,1986,10,Fall,21.7,4.64,0.5,AP,0.0,0.0
CB2.2,Upper Bay,39.34873,-76.17579,1986-11-19,1986,11,Fall,8.5,2.03,0.5,AP,0.0,0.0
CB2.2,Upper Bay,39.34873,-76.17579,1986-12-10,1986,12,Winter,5.4,0.11,0.5,AP,0.0,0.0
CB2.2,Upper Bay,39.34873,-76.17579,1987-01-07,1987,1,Winter,2.4,1.02,0.5,AP,0.0,0.0
CB2.2,Upper Bay,39.34873,-76.17579,1987-03-16,1987,3,Spring,4.6,4.9,0.5,AP,2448594.0,323665.0
CB2.2,Upper Bay,39.34873,-76.17579,1987-04-08,1987,4,Spring,7.6,0.0,0.5,AP,0.0,0.0
CB2.2,Upper Bay,39.34873,-76.17579,1987-04-22,1987,4,Spring,13.4,0.0,0.5,AP,0.0,0.0
CB2.2,Upper Bay,39.34873,-76.17579,1987-05-05,1987,5,Spring,13.7,0.46,0.5,AP,0.0,0.0
CB2.2,Upper Bay,39.34873,-76.17579,1987-05-20,1987,5,Spring,17.8,1.07,0.5,AP,0.0,132984.0
CB2.2,Upper Bay,39.34873,-76.17579,1987-06-03,1987,6,Summer,23.2,1.18,0.5,AP,0.0,29552.0
CB2.2,Upper Bay,39.34873,-76.17579,1987-06-17,1987,6,Summer,24.0,1.1,0.5,AP,0.0,0.0
CB2.2,Upper Bay,39.34873,-76.17579,1987-07-08,1987,7,Summer,26.0,2.21,0.5,AP,0.0,0.0
CB2.2,Upper Bay,39.34873,-76.17579,1987-07-22,1987,7,Summer,27.5,2.96,0.5,AP,0.0,0.0
CB2.2,Upper Bay,39.34873,-76.17579,1987-08-05,1987,8,Summer,28.4,3.85,0.5,AP,0.0,7388.0
CB2.2,Upper Bay,39.34873,-76.17579,1987-08-19,1987,8,Summer,27.2,5.77,0.5,AP,0.0,66492.0
CB2.2,Upper Bay,39.34873,-76.17579,1987-09-03,1987,9,Fall,22.9,6.49,0.5,AP,0.0,14776.0
CB2.2,Upper Bay,39.34873,-76.17579,1987-09-16,1987,9,Fall,23.8,1.87,0.5,AP,0.0,0.0
CB2.2,Upper Bay,39.34873,-76.17579,1987-10-07,1987,10,Fall,16.4,2.35,0.5,AP,0.0,0.0
CB2.2,Upper Bay,39.34873,-76.17579,1987-11-18,1987,11,Fall,10.3,4.28,0.5,AP,0.0,0.0
CB2.2,Upper Bay,39.34873,-76.17579,1987-12-16,1987,12,Winter,4.5,1.78,0.5,AP,0.0,0.0
CB2.2,Upper Bay,39.34873,-76.17579,1988-03-18,1988,3,Spring,5.3,1.12,0.2,AP,0.0,11891.0
CB2.2,Upper Bay,39.34873,-76.17579,1988-04-13,1988,4,Spring,10.1,2.48,0.5,AP,0.0,0.0
CB2.2,Upper Bay,39.34873,-76.17579,1988-04-27,1988,4,Spring,11.7,2.6,0.5,AP,0.0,0.0
CB2.2,Upper Bay,39.34873,-76.17579,1988-05-11,1988,5,Spring,15.4,0.79,0.5,AP,0.0,13198.0
CB2.2,Upper Bay,39.34873,-76.17579,1988-05-25,1988,5,Spring,18.1,0.0,0.5,AP,0.0,0.0
CB2.2,Upper Bay,39.34873,-76.17579,1988-06-08,1988,6,Summer,21.0,0.76,0.5,AP,0.0,0.0
CB2.2,Upper Bay,39.34873,-76.17579,1988-06-22,1988,6,Summer,26.2,1.4,0.5,AP,0.0,73880.0
CB2.2,Upper Bay,39.34873,-76.17579,1988-07-07,1988,7,Summer,24.6,3.0,0.5,AP,0.0,0.0
CB2.2,Upper Bay,39.34873,-76.17579,1988-07-20,1988,7,Summer,28.2,3.06,0.5,AP,0.0,21811.0
CB2.2,Upper Bay,39.34873,-76.17579,1988-08-10,1988,8,Summer,29.1,3.95,0.5,AP,0.0,0.0
CB2.2,Upper Bay,39.34873,-76.17579,1988-08-24,1988,8,Summer,24.0,4.6,0.5,AP,0.0,0.0
CB2.2,Upper Bay,39.34873,-76.17579,1988-09-08,1988,9,Fall,22.6,3.77,0.5,AP,0.0,0.0
CB2.2,Upper Bay,39.34873,-76.17579,1988-09-20,1988,9,Fall,22.1,4.0,0.5,AP,0.0,5710.0
CB2.2,Upper Bay,39.34873,-76.17579,1988-10-05,1988,10,Fall,19.0,5.15,0.5,AP,0.0,6599.0
CB2.2,Upper Bay,39.34873,-76.17579,1988-11-21,1988,11,Fall,9.3,1.46,0.5,AP,0.0,0.0
CB2.2,Upper Bay,39.34873,-76.17579,1988-12-07,1988,12,Winter,5.4,2.42,0.5,AP,0.0,0.0
CB2.2,Upper Bay,39.34873,-76.17579,1989-01-19,1989,1,Winter,2.3,2.71,0.5,AP,29552.0,118208.0
CB2.2,Upper Bay,39.34873,-76.17579,1989-03-22,1989,3,Spring,6.5,2.94,0.5,AP,0.0,0.0
CB2.2,Upper Bay,39.34873,-76.17579,1989-04-05,1989,4,Spring,10.3,0.0,0.5,AP,0.0,0.0
CB2.2,Upper Bay,39.34873,-76.17579,1989-04-19,1989,4,Spring,11.4,1.57,0.5,AP,0.0,0.0
CB2.2,Upper Bay,39.34873,-76.17579,1989-05-03,1989,5,Spring,14.3,4.24,0.5,AP,77092.0,77092.0
CB2.2,Upper Bay,39.34873,-76.17579,1989-05-17,1989,5,Spring,12.2,0.0,0.5,AP,0.0,0.0
CB2.2,Upper Bay,39.34873,-76.17579,1989-06-14,1989,6,Summer,23.1,0.0,0.5,AP,0.0,0.0
CB2.2,Upper Bay,39.34873,-76.17579,1989-06-28,1989,6,Summer,23.6,0.0,0.5,AP,0.0,0.0
CB2.2,Upper Bay,39.34873,-76.17579,1989-07-12,1989,7,Summer,26.6,0.0,0.5,WC,0.0,11419.0
CB2.2,Upper Bay,39.34873,-76.17579,1989-07-26,1989,7,Summer,26.6,0.0,0.5,WC,0.0,0.0
CB2.2,Upper Bay,39.34873,-76.17579,1989-08-16,1989,8,Summer,24.7,5.39,0.5,WC,0.0,0.0
CB2.2,Upper Bay,39.34873,-76.17579,1989-08-30,1989,8,Summer,25.4,4.96,0.5,WC,0.0,26396.0
CB2.2,Upper Bay,39.34873,-76.17579,1989-09-13,1989,9,Fall,24.6,6.31,0.5,WC,0.0,0.0
CB2.2,Upper Bay,39.34873,-76.17579,1989-09-27,1989,9,Fall,20.5,3.09,0.5,WC,0.0,0.0
CB2.2,Upper Bay,39.34873,-76.17579,1989-10-11,1989,10,Fall,15.4,4.54,0.5,WC,0.0,0.0
CB2.2,Upper Bay,39.34873,-76.17579,1989-11-14,1989,11,Fall,12.0,1.01,0.5,WC,0.0,0.0
CB2.2,Upper Bay,39.34873,-76.17579,1989-12-13,1989,12,Winter,0.9,1.74,0.5,WC,0.0,0.0
CB2.2,Upper Bay,39.34873,-76.17579,1990-01-10,1990,1,Winter,0.6,4.99,0.5,WC,73880.0,0.0
CB2.2,Upper Bay,39.34873,-76.17579,1990-02-07,1990,2,Winter,4.4,0.0,0.5,WC,0.0,0.0
CB2.2,Upper Bay,39.34873,-76.17579,1990-03-07,1990,3,Spring,3.2,0.0,0.5,WC,0.0,0.0
CB2.2,Upper Bay,39.34873,-76.17579,1990-04-04,1990,4,Spring,8.1,0.79,0.5,WC,0.0,0.0
CB2.2,Upper Bay,39.34873,-76.17579,1990-04-18,1990,4,Spring,10.4,0.0,0.5,WC,0.0,0.0
CB2.2,Upper Bay,39.34873,-76.17579,1990-05-16,1990,5,Spring,17.7,0.0,0.5,WC,0.0,0.0
CB2.2,Upper Bay,39.34873,-76.17579,1990-05-31,1990,5,Spring,17.3,0.0,0.5,WC,0.0,0.0
CB2.2,Upper Bay,39.34873,-76.17579,1990-06-13,1990,6,Summer,21.6,0.51,0.5,WC,0.0,0.0
CB2.2,Upper Bay,39.34873,-76.17579,1990-06-27,1990,6,Summer,25.0,0.0,0.5,WC,0.0,0.0
CB2.2,Upper Bay,39.34873,-76.17579,1990-07-18,1990,7,Summer,25.6,0.0,0.5,WC,0.0,0.0
CB2.2,Upper Bay,39.34873,-76.17579,1990-08-01,1990,8,Summer,25.5,2.6,0.5,WC,0.0,0.0
CB2.2,Upper Bay,39.34873,-76.17579,1990-08-15,1990,8,Summer,25.9,1.74,0.5,WC,0.0,0.0
CB2.2,Upper Bay,39.34873,-76.17579,1990-08-29,1990,8,Summer,25.4,2.6,0.5,WC,0.0,0.0
CB2.2,Upper Bay,39.34873,-76.17579,1990-09-12,1990,9,Fall,24.7,2.89,0.5,WC,0.0,0.0
CB2.2,Upper Bay,39.34873,-76.17579,1990-09-26,1990,9,Fall,19.1,3.18,0.5,WC,0.0,0.0
CB2.2,Upper Bay,39.34873,-76.17579,1990-10-17,1990,10,Fall,20.5,0.0,0.5,WC,0.0,0.0
CB2.2,Upper Bay,39.34873,-76.17579,1990-11-13,1990,11,Fall,8.4,0.0,0.5,WC,0.0,0.0
CB2.2,Upper Bay,39.34873,-76.17579,1990-12-12,1990,12,Winter,4.6,0.0,0.5,WC,0.0,0.0
CB2.2,Upper Bay,39.34873,-76.17579,1991-01-09,1991,1,Winter,1.8,0.0,0.5,WC,0.0,0.0
CB2.2,Upper Bay,39.34873,-76.17579,1991-02-13,1991,2,Winter,4.0,1.17,0.5,WC,0.0,0.0
CB2.2,Upper Bay,39.34873,-76.17579,1991-03-14,1991,3,Spring,4.3,0.95,0.5,WC,0.0,27918.0
CB2.2,Upper Bay,39.34873,-76.17579,1991-04-10,1991,4,Spring,12.7,0.18,0.5,WC,0.0,0.0
CB2.2,Upper Bay,39.34873,-76.17579,1991-04-24,1991,4,Spring,12.2,0.24,0.5,WC,0.0,0.0
CB2.2,Upper Bay,39.34873,-76.17579,1991-05-08,1991,5,Spring,17.2,0.29,0.5,WC,0.0,27490.0
CB2.2,Upper Bay,39.34873,-76.17579,1991-05-22,1991,5,Spring,21.6,0.21,0.5,WC,0.0,35462.0
CB2.2,Upper Bay,39.34873,-76.17579,1991-06-06,1991,6,Summer,24.1,1.17,0.5,WC,0.0,22838.0
CB2.2,Upper Bay,39.34873,-76.17579,1991-06-19,1991,6,Summer,24.5,2.08,0.5,WC,0.0,0.0
CB2.2,Upper Bay,39.34873,-76.17579,1991-07-10,1991,7,Summer,25.8,5.94,0.5,WC,0.0,0.0
CB2.2,Upper Bay,39.34873,-76.17579,1991-07-24,1991,7,Summer,28.1,5.69,0.5,WC,0.0,0.0
CB2.2,Upper Bay,39.34873,-76.17579,1991-08-07,1991,8,Summer,26.6,6.68,0.5,WC,0.0,25373.0
CB2.2,Upper Bay,39.34873,-76.17579,1991-08-22,1991,8,Summer,26.0,5.94,0.5,WC,0.0,103481.0
CB2.2,Upper Bay,39.34873,-76.17579,1991-09-05,1991,9,Fall,24.4,7.24,0.5,WC,0.0,0.0
CB2.2,Upper Bay,39.34873,-76.17579,1991-09-18,1991,9,Fall,24.8,6.93,0.5,WC,0.0,0.0
CB2.2,Upper Bay,39.34873,-76.17579,1991-10-03,1991,10,Fall,19.7,6.74,0.5,WC,0.0,0.0
CB2.2,Upper Bay,39.34873,-76.17579,1991-11-05,1991,11,Fall,12.1,6.25,0.5,WC,0.0,0.0
CB2.2,Upper Bay,39.34873,-76.17579,1991-12-03,1991,12,Winter,8.6,4.3,0.5,WC,0.0,0.0
CB2.2,Upper Bay,39.34873,-76.17579,1992-01-08,1992,1,Winter,4.5,6.0,0.5,WC,50748.0,0.0
CB2.2,Upper Bay,39.34873,-76.17579,1992-02-12,1992,2,Winter,1.1,4.6,0.5,WC,31945.0,0.0
CB2.2,Upper Bay,39.34873,-76.17579,1992-03-16,1992,3,Spring,5.2,0.0,0.5,WC,0.0,0.0
CB2.2,Upper Bay,39.34873,-76.17579,1992-04-16,1992,4,Spring,10.6,1.79,0.5,WC,0.0,0.0
CB2.2,Upper Bay,39.34873,-76.17579,1992-04-29,1992,4,Spring,13.3,0.68,0.5,WC,0.0,0.0
CB2.2,Upper Bay,39.34873,-76.17579,1992-05-13,1992,5,Spring,14.9,4.06,0.5,WC,0.0,261368.0
CB2.2,Upper Bay,39.34873,-76.17579,1992-05-28,1992,5,Spring,16.8,3.47,0.5,WC,0.0,5079255.0
CB2.2,Upper Bay,39.34873,-76.17579,1992-06-10,1992,6,Summer,21.9,1.25,0.5,WC,0.0,0.0
CB2.2,Upper Bay,39.34873,-76.17579,1992-06-24,1992,6,Summer,21.6,3.89,0.5,WC,0.0,21145.0
CB2.2,Upper Bay,39.34873,-76.17579,1992-07-08,1992,7,Summer,24.3,2.31,0.5,WC,0.0,12687.0
CB2.2,Upper Bay,39.34873,-76.17579,1992-07-22,1992,7,Summer,27.3,0.54,0.5,WC,0.0,0.0
CB2.2,Upper Bay,39.34873,-76.17579,1992-08-13,1992,8,Summer,25.6,1.23,0.5,WC,0.0,0.0
CB2.2,Upper Bay,39.34873,-76.17579,1992-08-26,1992,8,Summer,24.8,5.76,0.5,WC,0.0,0.0
CB2.2,Upper Bay,39.34873,-76.17579,1992-09-10,1992,9,Fall,24.3,4.48,0.5,WC,0.0,0.0
CB2.2,Upper Bay,39.34873,-76.17579,1992-09-29,1992,9,Fall,19.2,2.65,0.5,WC,0.0,0.0
CB2.2,Upper Bay,39.34873,-76.17579,1992-10-08,1992,10,Fall,16.7,3.89,0.5,WC,0.0,0.0
CB2.2,Upper Bay,39.34873,-76.17579,1992-11-19,1992,11,Fall,7.0,0.0,0.5,WC,0.0,0.0
CB2.2,Upper Bay,39.34873,-76.17579,1992-12-09,1992,12,Winter,4.6,1.34,0.5,WC,0.0,0.0
CB2.2,Upper Bay,39.34873,-76.17579,1993-02-10,1993,2,Winter,1.3,1.74,0.5,WC,0.0,0.0
CB2.2,Upper Bay,39.34873,-76.17579,1993-03-11,1993,3,Spring,4.1,1.34,0.5,WC,0.0,12149.0
CB2.2,Upper Bay,39.34873,-76.17579,1993-04-14,1993,4,Spring,9.9,0.0,0.5,WC,0.0,0.0
CB2.2,Upper Bay,39.34873,-76.17579,1993-04-29,1993,4,Spring,11.4,0.0,0.5,WC,0.0,0.0
CB2.2,Upper Bay,39.34873,-76.17579,1993-05-12,1993,5,Spring,20.8,0.0,0.5,WC,0.0,0.0
CB2.2,Upper Bay,39.34873,-76.17579,1993-05-26,1993,5,Spring,20.0,0.0,0.5,WC,0.0,0.0
CB2.2,Upper Bay,39.34873,-76.17579,1993-06-16,1993,6,Summer,22.9,2.54,0.5,WC,0.0,155561.0
CB2.2,Upper Bay,39.34873,-76.17579,1993-06-30,1993,6,Summer,26.2,2.02,0.5,WC,0.0,8678.0
CB2.2,Upper Bay,39.34873,-76.17579,1993-07-14,1993,7,Summer,29.3,2.71,0.5,WC,0.0,25573.0
CB2.2,Upper Bay,39.34873,-76.17579,1993-07-28,1993,7,Summer,26.8,4.12,0.5,WC,0.0,30688.0
CB2.2,Upper Bay,39.34873,-76.17579,1993-08-11,1993,8,Summer,25.8,4.42,0.5,WC,0.0,30688.0
CB2.2,Upper Bay,39.34873,-76.17579,1993-08-25,1993,8,Summer,26.0,4.12,0.5,WC,0.0,60745.0
CB2.2,Upper Bay,39.34873,-76.17579,1993-09-15,1993,9,Fall,23.7,6.49,0.5,WC,0.0,0.0
CB2.2,Upper Bay,39.34873,-76.17579,1993-09-29,1993,9,Fall,19.9,5.45,0.5,WC,0.0,0.0
CB2.2,Upper Bay,39.34873,-76.17579,1993-10-14,1993,10,Fall,15.3,5.76,0.5,WC,0.0,21920.0
CB2.2,Upper Bay,39.34873,-76.17579,1993-11-17,1993,11,Fall,10.9,1.68,0.5,WC,0.0,0.0
CB2.2,Upper Bay,39.34873,-76.17579,1993-12-08,1993,12,Winter,6.4,0.0,0.5,WC,0.0,0.0
CB2.2,Upper Bay,39.34873,-76.17579,1994-03-09,1994,3,Spring,2.3,0.79,0.5,WC,0.0,0.0
CB2.2,Upper Bay,39.34873,-76.17579,1994-04-06,1994,4,Spring,8.6,0.0,0.5,WC,0.0,0.0
CB2.2,Upper Bay,39.34873,-76.17579,1994-04-20,1994,4,Spring,12.4,0.0,0.5,WC,0.0,0.0
CB2.2,Upper Bay,39.34873,-76.17579,1994-05-04,1994,5,Spring,16.8,0.0,0.5,WC,0.0,0.0
CB2.2,Upper Bay,39.34873,-76.17579,1994-05-31,1994,5,Spring,20.7,0.44,0.5,WC,0.0,0.0
CB2.2,Upper Bay,39.34873,-76.17579,1994-06-15,1994,6,Summer,24.5,0.0,0.5,WC,0.0,0.0
CB2.2,Upper Bay,39.34873,-76.17579,1994-06-29,1994,6,Summer,26.7,0.0,0.5,WC,0.0,0.0
CB2.2,Upper Bay,39.34873,-76.17579,1994-07-13,1994,7,Summer,28.8,0.0,0.5,WC,0.0,0.0
CB2.2,Upper Bay,39.34873,-76.17579,1994-07-27,1994,7,Summer,28.0,0.0,0.5,WC,0.0,0.0
CB2.2,Upper Bay,39.34873,-76.17579,1994-08-17,1994,8,Summer,25.2,0.78,0.5,WC,0.0,0.0
CB2.2,Upper Bay,39.34873,-76.17579,1994-08-31,1994,8,Summer,23.3,0.0,0.5,WC,0.0,0.0
CB2.2,Upper Bay,39.34873,-76.17579,1994-09-14,1994,9,Fall,21.8,2.54,0.5,WC,0.0,0.0
CB2.2,Upper Bay,39.34873,-76.17579,1994-09-28,1994,9,Fall,21.1,3.12,0.5,WC,0.0,17247.0
CB2.2,Upper Bay,39.34873,-76.17579,1994-10-13,1994,10,Fall,16.4,1.97,0.5,WC,0.0,0.0
CB2.2,Upper Bay,39.34873,-76.17579,1994-11-16,1994,11,Fall,12.5,3.41,0.5,WC,59396.0,0.0
CB2.2,Upper Bay,39.34873,-76.17579,1994-12-14,1994,12,Winter,5.1,0.34,0.5,WC,0.0,0.0
CB2.2,Upper Bay,39.34873,-76.17579,1995-01-11,1995,1,Winter,1.3,1.13,0.5,WC,34495.0,0.0
CB2.2,Upper Bay,39.34873,-76.17579,1995-03-22,1995,3,Spring,9.9,0.0,0.5,WC,0.0,0.0
CB2.2,Upper Bay,39.34873,-76.17579,1995-04-12,1995,4,Spring,11.0,2.31,0.5,WC,0.0,0.0
CB2.2,Upper Bay,39.34873,-76.17579,1995-04-26,1995,4,Spring,13.0,2.31,0.5,WC,0.0,13798.0
CB2.2,Upper Bay,39.34873,-76.17579,1995-05-10,1995,5,Spring,15.7,2.54,0.5,WC,0.0,327339.0
CB2.2,Upper Bay,39.34873,-76.17579,1995-05-24,1995,5,Spring,19.9,2.37,0.5,WC,0.0,176443.0
CB2.2,Upper Bay,39.34873,-76.17579,1995-06-07,1995,6,Summer,23.6,0.2,0.5,WC,0.0,0.0
CB2.2,Upper Bay,39.34873,-76.17579,1995-06-21,1995,6,Summer,24.8,1.01,0.5,WC,0.0,0.0
CB2.2,Upper Bay,39.34873,-76.17579,1995-07-12,1995,7,Summer,25.7,2.7,0.5,WC,0.0,0.0
CB2.2,Upper Bay,39.34873,-76.17579,1995-07-26,1995,7,Summer,28.8,4.17,0.5,WC,0.0,21920.0
CB2.2,Upper Bay,39.34873,-76.17579,1995-08-09,1995,8,Summer,26.7,4.57,0.5,WC,0.0,0.0
CB2.2,Upper Bay,39.34873,-76.17579,1995-08-23,1995,8,Summer,26.4,6.51,0.5,WC,0.0,38360.0
CB2.2,Upper Bay,39.34873,-76.17579,1995-09-07,1995,9,Fall,25.4,8.95,0.5,WC,0.0,0.0
CB2.2,Upper Bay,39.34873,-76.17579,1995-09-20,1995,9,Fall,21.7,8.19,0.5,WC,0.0,0.0
CB2.2,Upper Bay,39.34873,-76.17579,1995-10-04,1995,10,Fall,20.3,9.08,0.5,WC,0.0,0.0
CB2.2,Upper Bay,39.34873,-76.17579,1995-11-17,1995,11,Fall,6.1,0.0,0.5,WC,0.0,0.0
CB2.2,Upper Bay,39.34873,-76.17579,1995-12-14,1995,12,Winter,1.6,2.02,0.5,WC,7593.0,0.0
CB2.2,Upper Bay,39.34873,-76.17579,1996-03-13,1996,3,Spring,3.3,0.0,0.5,WC,0.0,0.0
CB2.2,Upper Bay,39.34873,-76.17579,1996-04-10,1996,4,Spring,8.4,0.0,0.5,WC,0.0,0.0
CB2.2,Upper Bay,39.34873,-76.17579,1996-04-24,1996,4,Spring,13.9,0.0,0.5,WC,0.0,0.0
CB2.2,Upper Bay,39.34873,-76.17579,1996-05-15,1996,5,Spring,14.3,0.0,0.5,WC,0.0,0.0
CB2.2,Upper Bay,39.34873,-76.17579,1996-05-30,1996,5,Spring,17.0,1.06,0.5,WC,0.0,0.0
CB2.2,Upper Bay,39.34873,-76.17579,1996-06-12,1996,6,Summer,23.2,0.0,0.5,WC,0.0,0.0
CB2.2,Upper Bay,39.34873,-76.17579,1996-07-10,1996,7,Summer,25.7,0.01,0.5,WC,0.0,0.0
CB2.2,Upper Bay,39.34873,-76.17579,1996-07-24,1996,7,Summer,24.8,0.0,0.5,WC,0.0,0.0
CB2.2,Upper Bay,39.34873,-76.17579,1996-08-07,1996,8,Summer,26.5,0.0,0.5,WC,0.0,0.0
CB2.2,Upper Bay,39.34873,-76.17579,1996-08-28,1996,8,Summer,26.2,2.65,0.5,WC,0.0,0.0
CB2.2,Upper Bay,39.34873,-76.17579,1996-09-11,1996,9,Fall,26.1,2.21,0.5,WC,0.0,30372.0
CB2.2,Upper Bay,39.34873,-76.17579,1996-10-10,1996,10,Fall,17.0,2.31,0.5,WC,0.0,0.0
CB2.2,Upper Bay,39.34873,-76.17579,1996-12-11,1996,12,Winter,4.9,0.0,0.5,WC,0.0,0.0
CB2.2,Upper Bay,39.34873,-76.17579,1997-03-07,1997,3,Spring,5.7,0.0,0.5,WC,0.0,0.0
CB2.2,Upper Bay,39.34873,-76.17579,1997-04-04,1997,4,Spring,9.0,0.0,0.5,WC,0.0,30688.0
CB2.2,Upper Bay,39.34873,-76.17579,1997-04-16,1997,4,Spring,10.8,0.0,0.5,WC,0.0,0.0
CB2.2,Upper Bay,39.34873,-76.17579,1997-05-14,1997,5,Spring,15.2,0.0,0.5,WC,0.0,0.0
CB2.2,Upper Bay,39.34873,-76.17579,1997-05-30,1997,5,Spring,18.7,0.0,0.5,WC,0.0,0.0
CB2.2,Upper Bay,39.34873,-76.17579,1997-06-11,1997,6,Summer,20.2,0.25,0.5,WC,0.0,0.0
CB2.2,Upper Bay,39.34873,-76.17579,1997-07-16,1997,7,Summer,27.5,2.71,0.5,WC,0.0,0.0
CB2.2,Upper Bay,39.34873,-76.17579,1997-07-30,1997,7,Summer,25.2,3.67,0.5,WC,76720.0,0.0
CB2.2,Upper Bay,39.34873,-76.17579,1997-08-13,1997,8,Summer,25.9,4.67,0.5,WC,0.0,0.0
CB2.2,Upper Bay,39.34873,-76.17579,1997-08-27,1997,8,Summer,24.4,3.77,0.5,WC,0.0,54893.0
CB2.2,Upper Bay,39.34873,-76.17579,1997-09-10,1997,9,Fall,22.4,3.95,0.5,WC,0.0,0.0
CB2.2,Upper Bay,39.34873,-76.17579,1997-10-17,1997,10,Fall,18.2,4.78,0.5,WC,0.0,0.0
CB2.2,Upper Bay,39.34873,-76.17579,1997-12-10,1997,12,Winter,4.4,0.66,0.5,WC,0.0,0.0
CB2.2,Upper Bay,39.34873,-76.17579,1998-03-25,1998,3,Spring,6.1,0.0,0.5,WC,0.0,0.0
CB2.2,Upper Bay,39.34873,-76.17579,1998-04-08,1998,4,Spring,13.0,0.00864,0.5,WC,0.0,0.0
CB2.2,Upper Bay,39.34873,-76.17579,1998-04-22,1998,4,Spring,14.9,0.0,0.5,WC,0.0,0.0
CB2.2,Upper Bay,39.34873,-76.17579,1998-05-06,1998,5,Spring,16.7,0.0,0.5,WC,0.0,0.0
CB2.2,Upper Bay,39.34873,-76.17579,1998-05-20,1998,5,Spring,20.4,0.0,0.5,WC,0.0,0.0
CB2.2,Upper Bay,39.34873,-76.17579,1998-06-03,1998,6,Summer,24.1,0.0,0.5,WC,0.0,0.0
CB2.2,Upper Bay,39.34873,-76.17579,1998-07-08,1998,7,Summer,25.3,1.68121,0.5,WC,0.0,0.0
CB2.2,Upper Bay,39.34873,-76.17579,1998-07-22,1998,7,Summer,27.3,1.39912,0.5,WC,0.0,0.0
CB2.2,Upper Bay,39.34873,-76.17579,1998-08-05,1998,8,Summer,26.2,3.47199,0.5,WC,0.0,0.0
CB2.2,Upper Bay,39.34873,-76.17579,1998-08-19,1998,8,Summer,26.3,2.65461,0.5,WC,0.0,0.0
CB2.2,Upper Bay,39.34873,-76.17579,1998-09-03,1998,9,Fall,26.0,4.8434,0.5,WC,38360.0,38360.0
CB2.2,Upper Bay,39.34873,-76.17579,1998-10-15,1998,10,Fall,17.4,4.90378,0.5,WC,0.0,0.0
CB2.2,Upper Bay,39.34873,-76.17579,1998-12-17,1998,12,Winter,8.2,7.61789,0.5,WC,0.0,0.0
CB2.2,Upper Bay,39.34873,-76.17579,1999-03-18,1999,3,Spring,4.6,4.54238,0.5,WC,21920.0,0.0
CB2.2,Upper Bay,39.34873,-76.17579,1999-04-28,1999,4,Spring,12.8,2.42,0.5,WC,0.0,0.0
CB2.2,Upper Bay,39.34873,-76.17579,1999-05-12,1999,5,Spring,17.0,4.42,0.5,WC,0.0,370530.0
CB2.2,Upper Bay,39.34873,-76.17579,1999-05-26,1999,5,Spring,19.1,4.67,0.5,WC,0.0,1424800.0
CB2.2,Upper Bay,39.34873,-76.17579,1999-06-09,1999,6,Summer,24.7,2.84,0.5,WC,0.0,0.0
CB2.2,Upper Bay,39.34873,-76.17579,1999-07-08,1999,7,Summer,28.3,5.02,0.5,WC,0.0,0.0
CB2.2,Upper Bay,39.34873,-76.17579,1999-07-21,1999,7,Summer,27.3,5.57,0.5,WC,0.0,48596.0
CB2.2,Upper Bay,39.34873,-76.17579,1999-08-05,1999,8,Summer,27.4,6.56,0.5,WC,0.0,0.0
CB2.2,Upper Bay,39.34873,-76.17579,1999-08-18,1999,8,Summer,27.6,5.69,0.5,WC,0.0,0.0
CB2.2,Upper Bay,39.34873,-76.17579,1999-09-22,1999,9,Fall,20.5,2.89,0.5,WC,0.0,0.0
CB2.2,Upper Bay,39.34873,-76.17579,1999-10-05,1999,10,Fall,19.5,0.1,0.5,WC,0.0,0.0
CB2.2,Upper Bay,39.34873,-76.17579,1999-12-08,1999,12,Winter,8.2,2.77,0.5,WC,16468.0,0.0
CB2.2,Upper Bay,39.34873,-76.17579,2000-01-20,2000,1,Winter,1.4,3.18,0.5,WC,0.0,98808.0
CB2.2,Upper Bay,39.34873,-76.17579,2000-03-15,2000,3,Spring,9.0,0.02,0.5,WC,0.0,0.0
CB2.2,Upper Bay,39.34873,-76.17579,2000-04-12,2000,4,Spring,11.3,0.0,0.5,WC,0.0,12275.0
CB2.2,Upper Bay,39.34873,-76.17579,2000-04-27,2000,4,Spring,11.5,0.0,0.5,WC,0.0,0.0
CB2.2,Upper Bay,39.34873,-76.17579,2000-05-10,2000,5,Spring,21.9,0.0,0.5,WC,0.0,0.0
CB2.2,Upper Bay,39.34873,-76.17579,2000-05-25,2000,5,Spring,19.4,0.0,0.5,WC,0.0,0.0
CB2.2,Upper Bay,39.34873,-76.17579,2000-06-14,2000,6,Summer,21.9,1.23,0.5,WC,0.0,83391.0
CB2.2,Upper Bay,39.34873,-76.17579,2000-07-12,2000,7,Summer,25.1,2.19,0.5,WC,0.0,0.0
CB2.2,Upper Bay,39.34873,-76.17579,2000-07-26,2000,7,Summer,23.8,1.79,0.5,WC,0.0,16468.0
CB2.2,Upper Bay,39.34873,-76.17579,2000-08-09,2000,8,Summer,26.9,1.2,0.5,WC,0.0,0.0
CB2.2,Upper Bay,39.34873,-76.17579,2000-08-23,2000,8,Summer,23.6,4.48,0.5,WC,20248.0,0.0
CB2.2,Upper Bay,39.34873,-76.17579,2000-09-13,2000,9,Fall,24.2,5.88,0.5,WC,0.0,20248.0
CB2.2,Upper Bay,39.34873,-76.17579,2000-10-12,2000,10,Fall,15.8,5.45,0.5,WC,0.0,0.0
CB2.2,Upper Bay,39.34873,-76.17579,2000-12-14,2000,12,Winter,3.5,3.83,0.5,WC,0.0,0.0
CB2.2,Upper Bay,39.34873,-76.17579,2001-01-11,2001,1,Winter,0.1,2.81,0.5,WC,0.0,0.0
CB2.2,Upper Bay,39.34873,-76.17579,2001-03-23,2001,3,Spring,6.2,4.14,0.5,WC,60745.0,0.0
CB2.2,Upper Bay,39.34873,-76.17579,2001-04-04,2001,4,Spring,6.7,0.17,0.5,WC,0.0,0.0
CB2.2,Upper Bay,39.34873,-76.17579,2001-04-19,2001,4,Spring,10.2,0.32,0.5,WC,0.0,0.0
CB2.2,Upper Bay,39.34873,-76.17579,2001-05-10,2001,5,Spring,18.9,0.55,0.5,WC,0.0,0.0
CB2.2,Upper Bay,39.34873,-76.17579,2001-05-31,2001,5,Spring,19.7,1.51,0.5,WC,0.0,61376.0
CB2.2,Upper Bay,39.34873,-76.17579,2001-06-13,2001,6,Summer,24.1,1.4,0.5,WC,0.0,0.0
CB2.2,Upper Bay,39.34873,-76.17579,2001-07-11,2001,7,Summer,26.2,1.06,0.5,WC,0.0,0.0
CB2.2,Upper Bay,39.34873,-76.17579,2001-07-25,2001,7,Summer,26.9,3.3,0.5,WC,0.0,0.0
CB2.2,Upper Bay,39.34873,-76.17579,2001-08-15,2001,8,Summer,27.7,5.27,0.5,WC,0.0,0.0
CB2.2,Upper Bay,39.34873,-76.17579,2001-08-29,2001,8,Summer,26.7,4.9,0.5,WC,0.0,0.0
CB2.2,Upper Bay,39.34873,-76.17579,2001-09-12,2001,9,Fall,24.5,4.24,0.5,WC,0.0,0.0
CB2.2,Upper Bay,39.34873,-76.17579,2001-10-18,2001,10,Fall,16.0,5.69,0.5,WC,0.0,0.0
CB2.2,Upper Bay,39.34873,-76.17579,2001-12-12,2001,12,Winter,10.7,5.02,0.5,WC,0.0,0.0
CB2.2,Upper Bay,39.34873,-76.17579,2002-01-10,2002,1,Winter,2.3,4.96,0.5,WC,14273.0,0.0
CB2.2,Upper Bay,39.34873,-76.17579,2002-03-15,2002,3,Spring,7.7,4.0,0.5,WC,1070420.0,0.0
CB2.2,Upper Bay,39.34873,-76.17579,2002-04-10,2002,4,Spring,10.9,2.83,0.5,WC,0.0,0.0
CB2.2,Upper Bay,39.34873,-76.17579,2002-04-25,2002,4,Spring,14.9,4.42,0.5,WC,0.0,124411.0
CB2.2,Upper Bay,39.34873,-76.17579,2002-05-08,2002,5,Spring,17.2,0.46,0.5,WC,0.0,0.0
CB2.2,Upper Bay,39.34873,-76.17579,2002-05-22,2002,5,Spring,14.5,0.0,0.5,WC,0.0,0.0
CB2.2,Upper Bay,39.34873,-76.17579,2002-06-19,2002,6,Summer,22.6,0.0,0.5,WC,0.0,0.0
CB2.2,Upper Bay,39.34873,-76.17579,2002-07-17,2002,7,Summer,25.9,2.94,0.5,WC,0.0,0.0
CB2.2,Upper Bay,39.34873,-76.17579,2002-07-31,2002,7,Summer,27.3,3.42,0.5,WC,0.0,0.0
CB2.2,Upper Bay,39.34873,-76.17579,2002-08-14,2002,8,Summer,27.1,5.21,0.5,WC,0.0,0.0
CB2.2,Upper Bay,39.34873,-76.17579,2002-08-28,2002,8,Summer,27.1,5.94,0.5,WC,0.0,0.0
CB2.2,Upper Bay,39.34873,-76.17579,2002-09-18,2002,9,Fall,23.7,10.89,0.5,WC,0.0,0.0
CB2.2,Upper Bay,39.34873,-76.17579,2002-10-18,2002,10,Fall,16.6,6.31,0.5,WC,0.0,0.0
CB2.2,Upper Bay,39.34873,-76.17579,2002-12-12,2002,12,Winter,1.9,1.06,0.5,WC,0.0,0.0
CB2.2,Upper Bay,39.34873,-76.17579,2003-03-12,2003,3,Spring,3.0,0.18,0.5,WC,0.0,0.0
CB2.2,Upper Bay,39.34873,-76.17579,2003-04-23,2003,4,Spring,12.6,0.14,0.5,WC,0.0,0.0
CB2.2,Upper Bay,39.34873,-76.17579,2003-05-07,2003,5,Spring,17.0,0.24,0.5,WC,0.0,0.0
CB2.2,Upper Bay,39.34873,-76.17579,2003-05-21,2003,5,Spring,16.2,0.18,0.5,WC,0.0,0.0
CB2.2,Upper Bay,39.34873,-76.17579,2003-06-18,2003,6,Summer,22.2,0.0,0.5,WC,0.0,0.0
CB2.2,Upper Bay,39.34873,-76.17579,2003-07-09,2003,7,Summer,27.1,0.24,0.5,WC,0.0,0.0
CB2.2,Upper Bay,39.34873,-76.17579,2003-07-23,2003,7,Summer,26.9,0.68,0.5,WC,0.0,0.0
CB2.2,Upper Bay,39.34873,-76.17579,2003-08-06,2003,8,Summer,26.7,0.0,0.5,WC,0.0,0.0
CB2.2,Upper Bay,39.34873,-76.17579,2003-08-20,2003,8,Summer,27.0,0.0,0.5,WC,0.0,0.0
CB2.2,Upper Bay,39.34873,-76.17579,2003-09-17,2003,9,Fall,22.6,2.02,0.5,WC,0.0,0.0
CB2.2,Upper Bay,39.34873,-76.17579,2003-10-08,2003,10,Fall,16.2,0.65,0.5,WC,0.0,0.0
CB2.2,Upper Bay,39.34873,-76.17579,2003-12-18,2003,12,Winter,3.3,0.0,0.5,WC,0.0,0.0
CB2.2,Upper Bay,39.34873,-76.17579,2004-03-17,2004,3,Spring,5.6,0.0,0.5,WC,0.0,0.0
CB2.2,Upper Bay,39.34873,-76.17579,2004-04-14,2004,4,Spring,9.3,0.35,0.5,WC,0.0,0.0
CB2.2,Upper Bay,39.34873,-76.17579,2004-04-28,2004,4,Spring,15.6,0.0,0.5,WC,0.0,0.0
CB2.2,Upper Bay,39.34873,-76.17579,2004-05-12,2004,5,Spring,19.9,0.0,0.5,WC,0.0,0.0
CB2.2,Upper Bay,39.34873,-76.17579,2004-05-26,2004,5,Spring,25.6,0.0,0.5,WC,0.0,0.0
CB2.2,Upper Bay,39.34873,-76.17579,2004-06-09,2004,6,Summer,22.1,0.38,0.5,WC,0.0,0.0
CB2.2,Upper Bay,39.34873,-76.17579,2004-07-08,2004,7,Summer,27.1,0.4,0.5,WC,0.0,0.0
CB2.2,Upper Bay,39.34873,-76.17579,2004-07-21,2004,7,Summer,25.8,0.0,0.5,WC,0.0,0.0
CB2.2,Upper Bay,39.34873,-76.17579,2004-08-11,2004,8,Summer,24.5,1.91,0.5,WC,0.0,0.0
CB2.2,Upper Bay,39.34873,-76.17579,2004-08-25,2004,8,Summer,25.7,0.0,0.5,WC,0.0,20459.0
CB2.2,Upper Bay,39.34873,-76.17579,2004-09-22,2004,9,Fall,17.1,0.0,0.5,WC,0.0,0.0
CB2.2,Upper Bay,39.34873,-76.17579,2004-10-14,2004,10,Fall,17.7,2.54,0.5,WC,0.0,0.0
CB2.2,Upper Bay,39.34873,-76.17579,2004-12-08,2004,12,Winter,6.6,0.0,0.5,WC,0.0,0.0
CB2.2,Upper Bay,39.34873,-76.17579,2005-03-16,2005,3,Spring,4.7,0.0,0.5,WC,0.0,0.0
CB2.2,Upper Bay,39.34873,-76.17579,2005-04-06,2005,4,Spring,8.7,0.0,0.5,WC,0.0,0.0
CB2.2,Upper Bay,39.34873,-76.17579,2005-04-20,2005,4,Spring,13.5,1.62,0.5,WC,0.0,0.0
CB2.2,Upper Bay,39.34873,-76.17579,2005-05-12,2005,5,Spring,16.8,0.4,0.5,WC,0.0,0.0
CB2.2,Upper Bay,39.34873,-76.17579,2005-05-26,2005,5,Spring,16.6,2.31,0.5,WC,0.0,0.0
CB2.2,Upper Bay,39.34873,-76.17579,2005-06-15,2005,6,Summer,26.2,1.68,0.5,WC,0.0,0.0
CB2.2,Upper Bay,39.34873,-76.17579,2005-07-13,2005,7,Summer,26.9,1.57,0.5,WC,0.0,0.0
CB2.2,Upper Bay,39.34873,-76.17579,2005-07-27,2005,7,Summer,29.3,1.46,0.5,WC,0.0,0.0
CB2.2,Upper Bay,39.34873,-76.17579,2005-08-10,2005,8,Summer,28.3,3.24,0.5,WC,0.0,0.0
CB2.2,Upper Bay,39.34873,-76.17579,2005-08-25,2005,8,Summer,26.9,3.41,0.5,WC,0.0,0.0
CB2.2,Upper Bay,39.34873,-76.17579,2005-09-14,2005,9,Fall,25.3,5.94,0.5,WC,0.0,0.0
CB2.2,Upper Bay,39.34873,-76.17579,2005-10-27,2005,10,Fall,13.1,1.34,0.5,WC,0.0,0.0
CB2.2,Upper Bay,39.34873,-76.17579,2005-12-15,2005,12,Winter,1.5,0.84,0.5,WC,0.0,0.0
CB2.2,Upper Bay,39.34873,-76.17579,2006-03-09,2006,3,Spring,4.3,1.46,0.5,WC,0.0,0.0
CB2.2,Upper Bay,39.34873,-76.17579,2006-04-06,2006,4,Spring,10.9,2.65,0.5,WC,0.0,0.0
CB2.2,Upper Bay,39.34873,-76.17579,2006-04-19,2006,4,Spring,15.4,0.95,0.5,WC,0.0,0.0
CB2.2,Upper Bay,39.34873,-76.17579,2006-05-10,2006,5,Spring,17.2,3.53,0.5,WC,0.0,14250.0
CB2.2,Upper Bay,39.34873,-76.17579,2006-05-24,2006,5,Spring,17.8,1.85,0.5,WC,0.0,182235.0
CB2.2,Upper Bay,39.34873,-76.17579,2006-06-21,2006,6,Summer,23.9,2.89,0.5,WC,0.0,9491.0
CB2.2,Upper Bay,39.34873,-76.17579,2006-07-13,2006,7,Summer,25.5,0.0,0.5,WC,0.0,0.0
CB2.2,Upper Bay,39.34873,-76.17579,2006-07-27,2006,7,Summer,28.3,0.4,0.5,WC,0.0,0.0
CB2.2,Upper Bay,39.34873,-76.17579,2006-08-16,2006,8,Summer,26.3,1.34,0.5,WC,0.0,40497.0
CB2.2,Upper Bay,39.34873,-76.17579,2006-08-30,2006,8,Summer,26.7,2.48,0.5,WC,0.0,0.0
CB2.2,Upper Bay,39.34873,-76.17579,2006-09-20,2006,9,Fall,21.8,2.42,0.5,WC,0.0,8437.0
CB2.2,Upper Bay,39.34873,-76.17579,2006-10-18,2006,10,Fall,16.2,3.93,0.5,WC,0.0,800.0
CB2.2,Upper Bay,39.34873,-76.17579,2006-12-13,2006,12,Winter,4.0,0.0,0.5,WC,0.0,0.0
CB2.2,Upper Bay,39.34873,-76.17579,2007-03-14,2007,3,Spring,4.3,0.4,0.5,WC,0.0,250.0
CB2.2,Upper Bay,39.34873,-76.17579,2007-04-11,2007,4,Spring,7.1,0.0,0.5,WC,0.0,0.0
CB2.2,Upper Bay,39.34873,-76.17579,2007-04-26,2007,4,Spring,12.9,0.0,0.5,WC,0.0,0.0
CB2.2,Upper Bay,39.34873,-76.17579,2007-05-10,2007,5,Spring,17.7,0.35,0.5,WC,0.0,3500.0
CB2.2,Upper Bay,39.34873,-76.17579,2007-05-23,2007,5,Spring,20.2,0.02,0.5,WC,0.0,124251.0
CB2.2,Upper Bay,39.34873,-76.17579,2007-06-20,2007,6,Summer,25.3,1.01,0.5,WC,0.0,22603.0
CB2.2,Upper Bay,39.34873,-76.17579,2007-07-11,2007,7,Summer,27.2,3.77,0.5,WC,0.0,0.0
CB2.2,Upper Bay,39.34873,-76.17579,2007-07-25,2007,7,Summer,24.8,4.54,0.5,WC,37966.0,37966.0
CB2.2,Upper Bay,39.34873,-76.17579,2007-08-08,2007,8,Summer,28.4,5.15,0.5,WC,0.0,0.0
CB2.2,Upper Bay,39.34873,-76.17579,2007-08-22,2007,8,Summer,23.5,5.15,0.5,WC,0.0,0.0
CB2.2,Upper Bay,39.34873,-76.17579,2007-09-19,2007,9,Fall,22.0,5.27,0.5,WC,250.0,0.0
CB2.2,Upper Bay,39.34873,-76.17579,2007-10-17,2007,10,Fall,19.4,6.49,0.5,WC,0.0,800.0
CB2.2,Upper Bay,39.34873,-76.17579,2007-12-12,2007,12,Winter,4.8,2.65,0.5,WC,750.0,18983.0
CB2.2,Upper Bay,39.34873,-76.17579,2008-03-21,2008,3,Spring,7.2,0.0,0.5,WC,0.0,0.0
CB2.2,Upper Bay,39.34873,-76.17579,2008-04-16,2008,4,Spring,12.7,0.35,0.5,WC,0.0,0.0
CB2.2,Upper Bay,39.34873,-76.17579,2008-04-30,2008,4,Spring,15.6,0.62,0.5,WC,0.0,200.0
CB2.2,Upper Bay,39.34873,-76.17579,2008-05-16,2008,5,Spring,16.5,1.97,0.5,WC,0.0,194384.0
CB2.2,Upper Bay,39.34873,-76.17579,2008-05-29,2008,5,Spring,19.3,0.46,0.5,WC,0.0,30372.0
CB2.2,Upper Bay,39.34873,-76.17579,2008-06-25,2008,6,Summer,25.3,0.18,0.5,WC,0.0,500.0
CB2.2,Upper Bay,39.34873,-76.17579,2008-07-09,2008,7,Summer,27.0,0.56,0.5,WC,0.0,0.0
CB2.2,Upper Bay,39.34873,-76.17579,2008-07-23,2008,7,Summer,28.7,1.17,0.5,WC,0.0,9491.0
CB2.2,Upper Bay,39.34873,-76.17579,2008-08-13,2008,8,Summer,25.6,3.65,0.5,WC,0.0,194384.0
CB2.2,Upper Bay,39.34873,-76.17579,2008-08-27,2008,8,Summer,24.7,6.19,0.5,WC,0.0,91117.0
CB2.2,Upper Bay,39.34873,-76.17579,2008-09-18,2008,9,Fall,23.6,5.09,0.5,WC,0.0,143.0
CB2.2,Upper Bay,39.34873,-76.17579,2008-10-22,2008,10,Fall,16.0,7.24,0.5,WC,0.0,200.0
CB2.2,Upper Bay,39.34873,-76.17579,2008-12-18,2008,12,Winter,4.1,0.0,0.5,WC,0.0,0.0
CB2.2,Upper Bay,39.34873,-76.17579,2009-03-18,2009,3,Spring,6.2,0.0,0.5,WC,0.0,0.0
CB2.2,Upper Bay,39.34873,-76.17579,2009-04-15,2009,4,Spring,9.9,0.84,0.5,WC,0.0,0.0
CB2.2,Upper Bay,39.34873,-76.17579,2009-05-13,2009,5,Spring,18.7,0.24,0.5,WC,0.0,25849.0
CB2.2,Upper Bay,39.34873,-76.17579,2009-05-28,2009,5,Spring,21.2,0.29,0.5,WC,0.0,60745.0
CB2.2,Upper Bay,39.34873,-76.17579,2009-06-17,2009,6,Summer,23.1,0.73,0.5,WC,0.0,30372.0
CB2.2,Upper Bay,39.34873,-76.17579,2009-07-15,2009,7,Summer,25.6,1.23,0.5,WC,125.0,125.0
CB2.2,Upper Bay,39.34873,-76.17579,2009-07-29,2009,7,Summer,26.9,1.51,0.5,WC,0.0,0.0
CB2.2,Upper Bay,39.34873,-76.17579,2009-08-12,2009,8,Summer,27.5,0.51,0.5,WC,0.0,8678.0
CB2.2,Upper Bay,39.34873,-76.17579,2009-08-26,2009,8,Summer,27.9,0.24,0.5,WC,0.0,0.0
CB2.2,Upper Bay,39.34873,-76.17579,2009-09-16,2009,9,Fall,22.4,6.68,0.5,WC,2500.0,167.0
CB2.2,Upper Bay,39.34873,-76.17579,2010-03-17,2010,3,Spring,8.4,0.0,0.5,WC,0.0,0.0
CB2.2,Upper Bay,39.34873,-76.17579,2010-04-14,2010,4,Spring,14.9,0.35,0.5,WC,0.0,0.0
CB2.2,Upper Bay,39.34873,-76.17579,2010-05-12,2010,5,Spring,16.3,2.6,0.5,WC,0.0,0.0
CB2.2,Upper Bay,39.34873,-76.17579,2010-08-04,2010,8,Summer,27.5,4.18,0.5,WC,0.0,40496.7
CB2.2,Upper Bay,39.34873,-76.17579,2010-08-25,2010,8,Summer,25.4,3.89,0.5,WC,0.0,0.0
CB2.2,Upper Bay,39.34873,-76.17579,2010-09-22,2010,9,Fall,22.2,9.72,0.5,WC,0.0,41812.1
CB2.2,Upper Bay,39.34873,-76.17579,2011-03-16,2011,3,Spring,5.1,0.0,0.5,WC,0.0,0.0
CB2.2,Upper Bay,39.34873,-76.17579,2011-04-13,2011,4,Spring,9.1,0.0,0.5,WC,0.0,0.0
CB2.2,Upper Bay,39.34873,-76.17579,2011-05-11,2011,5,Spring,15.1,0.0,0.5,WC,0.0,0.0
CB2.2,Upper Bay,39.34873,-76.17579,2011-07-13,2011,7,Summer,28.4,0.9,0.5,WC,0.0,500.0
CB2.2,Upper Bay,39.34873,-76.17579,2011-08-10,2011,8,Summer,28.1,2.42,0.5,WC,0.0,400.0
CB2.2,Upper Bay,39.34873,-76.17579,2011-09-21,2011,9,Fall,19.1,0.18,0.5,WC,0.0,0.0
CB2.2,Upper Bay,39.34873,-76.17579,2016-04-13,2016,4,Spring,10.9,0.0,0.5,WC,0.0,0.0
CB2.2,Upper Bay,39.34873,-76.17579,2016-05-11,2016,5,Spring,15.5,0.29,0.5,WC,0.0,0.0
CB2.2,Upper Bay,39.34873,-76.17579,2016-06-08,2016,6,Summer,24.6,1.5,0.5,WC,0.0,70000.0
CB2.2,Upper Bay,39.34873,-76.17579,2016-07-13,2016,7,Summer,27.4,3.53,0.5,WC,0.0,0.0
CB2.2,Upper Bay,39.34873,-76.17579,2016-09-21,2016,9,Fall,24.4,6.31,0.5,WC,0.0,0.0
CB2.2,Upper Bay,39.34873,-76.17579,2016-10-19,2016,10,Fall,18.8,8.38,0.5,AP,0.0,0.0
CB2.2,Upper Bay,39.34873,-76.17579,2016-11-16,2016,11,Fall,11.8,6.37,0.5,WC,14000.0,30600.0
CB2.2,Upper Bay,39.34873,-76.17579,2016-12-14,2016,12,Winter,5.2,3.0,0.5,WC,0.0,0.0
CB2.2,Upper Bay,39.34873,-76.17579,2017-03-21,2017,3,Spring,6.3,1.01,0.5,WC,0.0,0.0
CB2.2,Upper Bay,39.34873,-76.17579,2017-04-13,2017,4,Spring,12.1,0.0,0.5,WC,0.0,0.0
CB2.2,Upper Bay,39.34873,-76.17579,2017-06-08,2017,6,Summer,21.2,0.8,0.5,WC,0.0,11600.0
CB2.2,Upper Bay,39.34873,-76.17579,2017-07-12,2017,7,Summer,27.2,0.43,0.5,WC,0.0,0.0
CB2.2,Upper Bay,39.34873,-76.17579,2017-08-10,2017,8,Summer,25.9,0.71,0.5,WC,0.0,0.0
CB2.2,Upper Bay,39.34873,-76.17579,2017-09-27,2017,9,Fall,24.9,,0.5,WC,0.0,0.0
CB2.2,Upper Bay,39.34873,-76.17579,2017-11-01,2017,11,Fall,14.7,3.89,0.5,WC,0.0,14000.0
CB2.2,Upper Bay,39.34873,-76.17579,2017-11-15,2017,11,Fall,9.7,1.72,0.5,WC,0.0,0.0
CB2.2,Upper Bay,39.34873,-76.17579,2017-12-15,2017,12,Winter,4.4,3.12,0.5,S,28000.0,246400.0
CB2.2,Upper Bay,39.34873,-76.17579,2018-03-29,2018,3,Spring,6.8,4.3,0.5,WC,0.0,35000.0
CB2.2,Upper Bay,39.34873,-76.17579,2018-04-25,2018,4,Spring,11.6,0.0,0.5,WC,0.0,200.0
CB2.2,Upper Bay,39.34873,-76.17579,2018-05-16,2018,5,Spring,20.8,0.33,0.5,WC,0.0,31800.0
CB2.2,Upper Bay,39.34873,-76.17579,2018-06-06,2018,6,Summer,22.2,0.11,0.5,WC,0.0,0.0
CB2.2,Upper Bay,39.34873,-76.17579,2018-07-11,2018,7,Summer,27.4,1.46,0.5,WC,0.0,0.0
CB2.2,Upper Bay,39.34873,-76.17579,2018-08-08,2018,8,Summer,26.8,0.0,0.5,WC,0.0,0.0
CB2.2,Upper Bay,39.34873,-76.17579,2018-09-19,2018,9,Fall,21.1,0.0,0.5,WC,0.0,0.0
CB2.2,Upper Bay,39.34873,-76.17579,2018-10-19,2018,10,Fall,15.9,0.0,0.5,WC,0.0,0.0
CB2.2,Upper Bay,39.34873,-76.17579,2018-11-30,2018,11,Fall,3.9,0.0,0.5,WC,0.0,0.0
CB2.2,Upper Bay,39.34873,-76.17579,2019-03-13,2019,3,Spring,4.6,0.0,0.5,WC,0.0,0.0
CB2.2,Upper Bay,39.34873,-76.17579,2019-04-18,2019,4,Spring,14.5,0.0,0.5,WC,0.0,0.0
CB2.2,Upper Bay,39.34873,-76.17579,2019-05-23,2019,5,Spring,19.0,0.0,0.5,WC,0.0,0.0
CB2.2,Upper Bay,39.34873,-76.17579,2019-06-06,2019,6,Summer,23.2,0.0,0.5,WC,0.0,29046.31578
CB2.2,Upper Bay,39.34873,-76.17579,2019-07-10,2019,7,Summer,28.4,0.0,0.5,WC,0.0,0.0
CB2.2,Upper Bay,39.34873,-76.17579,2019-08-07,2019,8,Summer,29.1,0.48,0.5,WC,0.0,0.0
CB2.2,Upper Bay,39.34873,-76.17579,2019-09-18,2019,9,Fall,24.3,5.21,0.5,WC,0.0,400.0
CB2.2,Upper Bay,39.34873,-76.17579,2019-10-22,2019,10,Fall,15.8,3.95,0.5,WC,0.0,0.0
CB2.2,Upper Bay,39.34873,-76.17579,2019-11-20,2019,11,Fall,7.7,1.94,0.5,WC,0.0,0.0
CB4.3C,Middle Bay,38.55505,-76.42794,1984-08-06,1984,8,Summer,27.2,7.12,0.5,AP,0.0,70523.0
CB4.3C,Middle Bay,38.55505,-76.42794,1984-08-30,1984,8,Summer,24.6,12.07,0.5,AP,0.0,52390.0
CB4.3C,Middle Bay,38.55505,-76.42794,1984-09-10,1984,9,Fall,22.4,13.99,0.5,AP,0.0,3263.0
CB4.3C,Middle Bay,38.55505,-76.42794,1984-09-25,1984,9,Fall,22.7,14.53,0.5,AP,0.0,4568.0
CB4.3C,Middle Bay,38.55505,-76.42794,1984-10-09,1984,10,Fall,17.6,14.33,0.5,AP,0.0,9235.0
CB4.3C,Middle Bay,38.55505,-76.42794,1984-11-06,1984,11,Fall,16.7,15.27,0.5,AP,0.0,3684.0
CB4.3C,Middle Bay,38.55505,-76.42794,1984-12-11,1984,12,Winter,6.5,15.47,0.5,AP,0.0,5856.0
CB4.3C,Middle Bay,38.55505,-76.42794,1985-01-23,1985,1,Winter,0.7,15.07,0.5,AP,7367.0,499921.0
CB4.3C,Middle Bay,38.55505,-76.42794,1985-02-12,1985,2,Winter,0.0,15.68,0.5,AP,158969.0,1437858.0
CB4.3C,Middle Bay,38.55505,-76.42794,1985-03-20,1985,3,Spring,5.8,13.73,0.5,AP,75991.0,211086.0
CB4.3C,Middle Bay,38.55505,-76.42794,1985-04-09,1985,4,Spring,9.1,13.13,0.5,AP,46936.0,2537126.0
CB4.3C,Middle Bay,38.55505,-76.42794,1985-04-23,1985,4,Spring,15.2,11.08,0.5,AP,0.0,1525431.0
CB4.3C,Middle Bay,38.55505,-76.42794,1985-05-07,1985,5,Spring,16.3,12.4,0.5,AP,0.0,990861.0
CB4.3C,Middle Bay,38.55505,-76.42794,1985-05-21,1985,5,Spring,18.8,13.26,0.5,AP,0.0,2896096.0
CB4.3C,Middle Bay,38.55505,-76.42794,1985-06-04,1985,6,Summer,21.6,13.19,0.5,AP,5710.0,16901.0
CB4.3C,Middle Bay,38.55505,-76.42794,1985-06-18,1985,6,Summer,22.3,13.93,0.5,AP,0.0,33802.0
CB4.3C,Middle Bay,38.55505,-76.42794,1985-07-09,1985,7,Summer,24.7,13.93,0.5,AP,0.0,0.0
CB4.3C,Middle Bay,38.55505,-76.42794,1985-07-23,1985,7,Summer,26.7,15.27,0.5,AP,0.0,105679.0
CB4.3C,Middle Bay,38.55505,-76.42794,1985-08-07,1985,8,Summer,25.4,15.41,0.5,AP,0.0,114190.0
CB4.3C,Middle Bay,38.55505,-76.42794,1985-08-20,1985,8,Summer,25.3,15.47,0.5,AP,0.0,88656.0
CB4.3C,Middle Bay,38.55505,-76.42794,1985-09-10,1985,9,Fall,26.8,16.22,0.5,AP,0.0,19691.0
CB4.3C,Middle Bay,38.55505,-76.42794,1985-09-24,1985,9,Fall,22.7,17.31,0.5,AP,0.0,0.0
CB4.3C,Middle Bay,38.55505,-76.42794,1985-10-08,1985,10,Fall,19.7,17.59,0.5,AP,0.0,14776.0
CB4.3C,Middle Bay,38.55505,-76.42794,1985-11-13,1985,11,Fall,14.7,16.77,0.5,AP,0.0,5710.0
CB4.3C,Middle Bay,38.55505,-76.42794,1985-12-10,1985,12,Winter,7.9,13.26,0.5,AP,0.0,11419.0
CB4.3C,Middle Bay,38.55505,-76.42794,1986-01-07,1986,1,Winter,2.9,13.73,0.5,AP,0.0,709248.0
CB4.3C,Middle Bay,38.55505,-76.42794,1986-03-11,1986,3,Spring,3.5,13.39,0.5,AP,11419.0,147760.0
CB4.3C,Middle Bay,38.55505,-76.42794,1986-04-08,1986,4,Spring,12.4,7.22,0.5,AP,14776.0,310296.0
CB4.3C,Middle Bay,38.55505,-76.42794,1986-04-22,1986,4,Spring,10.7,8.44,0.5,AP,59104.0,1049096.0
CB4.3C,Middle Bay,38.55505,-76.42794,1986-05-13,1986,5,Spring,16.1,11.28,0.5,AP,0.0,458056.0
CB4.3C,Middle Bay,38.55505,-76.42794,1986-05-27,1986,5,Spring,19.6,10.37,0.5,AP,0.0,1004768.0
CB4.3C,Middle Bay,38.55505,-76.42794,1986-06-10,1986,6,Summer,22.1,12.46,0.5,AP,0.0,16901.0
CB4.3C,Middle Bay,38.55505,-76.42794,1986-06-24,1986,6,Summer,23.9,12.53,0.5,AP,0.0,202812.0
CB4.3C,Middle Bay,38.55505,-76.42794,1986-07-16,1986,7,Summer,26.0,12.2,0.5,AP,0.0,88656.0
CB4.3C,Middle Bay,38.55505,-76.42794,1986-07-29,1986,7,Summer,27.5,14.06,0.5,AP,0.0,5710.0
CB4.3C,Middle Bay,38.55505,-76.42794,1986-08-12,1986,8,Summer,26.5,14.53,0.5,AP,0.0,0.0
CB4.3C,Middle Bay,38.55505,-76.42794,1986-08-26,1986,8,Summer,24.2,14.19,0.5,AP,0.0,14776.0
CB4.3C,Middle Bay,38.55505,-76.42794,1986-09-09,1986,9,Fall,22.6,14.46,0.5,AP,0.0,14776.0
CB4.3C,Middle Bay,38.55505,-76.42794,1986-09-23,1986,9,Fall,21.9,16.22,0.5,AP,0.0,0.0
CB4.3C,Middle Bay,38.55505,-76.42794,1986-10-07,1986,10,Fall,22.2,16.09,0.5,AP,0.0,14776.0
CB4.3C,Middle Bay,38.55505,-76.42794,1986-11-18,1986,11,Fall,11.5,18.07,0.5,AP,0.0,14776.0
CB4.3C,Middle Bay,38.55505,-76.42794,1986-12-09,1986,12,Winter,7.5,12.46,0.5,AP,7388.0,29552.0
CB4.3C,Middle Bay,38.55505,-76.42794,1987-01-06,1987,1,Winter,4.2,13.33,0.5,AP,44328.0,362012.0
CB4.3C,Middle Bay,38.55505,-76.42794,1987-03-11,1987,3,Spring,3.9,14.73,0.5,AP,14776.0,591040.0
CB4.3C,Middle Bay,38.55505,-76.42794,1987-04-07,1987,4,Spring,8.4,13.13,0.5,AP,0.0,783128.0
CB4.3C,Middle Bay,38.55505,-76.42794,1987-04-21,1987,4,Spring,11.9,10.43,0.5,AP,0.0,443280.0
CB4.3C,Middle Bay,38.55505,-76.42794,1987-05-06,1987,5,Spring,13.1,10.37,0.5,AP,0.0,428504.0
CB4.3C,Middle Bay,38.55505,-76.42794,1987-05-19,1987,5,Spring,18.5,12.59,0.5,AP,0.0,339848.0
CB4.3C,Middle Bay,38.55505,-76.42794,1987-06-02,1987,6,Summer,22.6,12.2,0.5,AP,0.0,0.0
CB4.3C,Middle Bay,38.55505,-76.42794,1987-06-16,1987,6,Summer,23.8,13.59,0.5,AP,0.0,44328.0
CB4.3C,Middle Bay,38.55505,-76.42794,1987-07-07,1987,7,Summer,25.4,15.41,0.5,AP,0.0,0.0
CB4.3C,Middle Bay,38.55505,-76.42794,1987-07-21,1987,7,Summer,26.9,12.79,0.5,AP,0.0,0.0
CB4.3C,Middle Bay,38.55505,-76.42794,1987-08-04,1987,8,Summer,27.6,14.06,0.5,AP,0.0,0.0
CB4.3C,Middle Bay,38.55505,-76.42794,1987-08-18,1987,8,Summer,27.4,14.53,0.5,AP,0.0,29552.0
CB4.3C,Middle Bay,38.55505,-76.42794,1987-09-02,1987,9,Fall,24.2,15.54,0.5,AP,0.0,0.0
CB4.3C,Middle Bay,38.55505,-76.42794,1987-09-15,1987,9,Fall,24.5,16.36,0.5,AP,0.0,7388.0
CB4.3C,Middle Bay,38.55505,-76.42794,1987-10-06,1987,10,Fall,18.8,16.7,0.5,AP,0.0,0.0
CB4.3C,Middle Bay,38.55505,-76.42794,1987-11-17,1987,11,Fall,11.0,15.88,0.5,AP,8564.0,11419.0
CB4.3C,Middle Bay,38.55505,-76.42794,1987-12-15,1987,12,Winter,6.8,13.99,0.5,AP,384176.0,362012.0
CB4.3C,Middle Bay,38.55505,-76.42794,1988-01-12,1988,1,Winter,0.2,13.19,0.5,AP,123456.0,617280.0
CB4.3C,Middle Bay,38.55505,-76.42794,1988-03-17,1988,3,Spring,4.8,12.46,0.5,AP,0.0,110229.0
CB4.3C,Middle Bay,38.55505,-76.42794,1988-04-12,1988,4,Spring,10.4,9.2,0.5,AP,0.0,0.0
CB4.3C,Middle Bay,38.55505,-76.42794,1988-04-26,1988,4,Spring,11.4,12.07,0.5,AP,0.0,80596.0
CB4.3C,Middle Bay,38.55505,-76.42794,1988-05-10,1988,5,Spring,14.1,12.79,0.5,AP,0.0,732837.0
CB4.3C,Middle Bay,38.55505,-76.42794,1988-05-24,1988,5,Spring,19.5,9.14,0.5,AP,0.0,359545.0
CB4.3C,Middle Bay,38.55505,-76.42794,1988-06-07,1988,6,Summer,19.4,9.46,0.5,AP,0.0,0.0
CB4.3C,Middle Bay,38.55505,-76.42794,1988-06-21,1988,6,Summer,23.7,11.74,0.5,AP,0.0,29552.0
CB4.3C,Middle Bay,38.55505,-76.42794,1988-07-06,1988,7,Summer,23.5,12.4,0.5,AP,0.0,24926.0
CB4.3C,Middle Bay,38.55505,-76.42794,1988-07-19,1988,7,Summer,27.0,12.2,0.5,AP,0.0,6599.0
CB4.3C,Middle Bay,38.55505,-76.42794,1988-08-09,1988,8,Summer,28.5,13.19,0.5,AP,0.0,28145.0
CB4.3C,Middle Bay,38.55505,-76.42794,1988-08-23,1988,8,Summer,26.1,13.79,0.5,AP,0.0,11419.0
CB4.3C,Middle Bay,38.55505,-76.42794,1988-09-07,1988,9,Fall,24.0,14.6,0.5,AP,0.0,14776.0
CB4.3C,Middle Bay,38.55505,-76.42794,1988-09-21,1988,9,Fall,23.3,15.0,0.5,AP,0.0,14776.0
CB4.3C,Middle Bay,38.55505,-76.42794,1988-10-04,1988,10,Fall,20.9,15.47,0.5,AP,0.0,0.0
CB4.3C,Middle Bay,38.55505,-76.42794,1988-11-22,1988,11,Fall,10.7,16.49,0.5,AP,11419.0,29552.0
CB4.3C,Middle Bay,38.55505,-76.42794,1988-12-06,1988,12,Winter,7.4,15.75,0.5,AP,139588.0,69794.0
CB4.3C,Middle Bay,38.55505,-76.42794,1989-01-18,1989,1,Winter,3.2,15.75,0.5,AP,29552.0,265968.0
CB4.3C,Middle Bay,38.55505,-76.42794,1989-03-21,1989,3,Spring,5.3,17.11,0.5,AP,15173.0,30345.0
CB4.3C,Middle Bay,38.55505,-76.42794,1989-04-04,1989,4,Spring,8.9,14.53,0.5,AP,0.0,0.0
CB4.3C,Middle Bay,38.55505,-76.42794,1989-04-18,1989,4,Spring,10.8,11.21,0.5,AP,0.0,0.0
CB4.3C,Middle Bay,38.55505,-76.42794,1989-05-02,1989,5,Spring,15.2,10.3,0.5,AP,0.0,29552.0
CB4.3C,Middle Bay,38.55505,-76.42794,1989-05-16,1989,5,Spring,14.5,7.56,0.5,AP,0.0,209382.0
CB4.3C,Middle Bay,38.55505,-76.42794,1989-06-13,1989,6,Summer,22.3,8.63,0.5,AP,0.0,236416.0
CB4.3C,Middle Bay,38.55505,-76.42794,1989-06-27,1989,6,Summer,26.1,4.84,0.5,AP,0.0,354624.0
CB4.3C,Middle Bay,38.55505,-76.42794,1989-07-11,1989,7,Summer,26.0,6.19,0.5,AP,0.0,118208.0
CB4.3C,Middle Bay,38.55505,-76.42794,1989-07-25,1989,7,Summer,27.2,8.12,0.5,AP,0.0,88656.0
CB4.3C,Middle Bay,38.55505,-76.42794,1989-08-15,1989,8,Summer,24.0,11.08,0.5,AP,0.0,1692505.0
CB4.3C,Middle Bay,38.55505,-76.42794,1989-08-29,1989,8,Summer,25.2,12.2,0.5,AP,0.0,0.0
CB4.3C,Middle Bay,38.55505,-76.42794,1989-09-12,1989,9,Fall,24.7,13.26,0.5,AP,0.0,0.0
CB4.3C,Middle Bay,38.55505,-76.42794,1989-09-27,1989,9,Fall,21.9,14.46,0.5,AP,0.0,0.0
CB4.3C,Middle Bay,38.55505,-76.42794,1989-10-10,1989,10,Fall,17.9,14.46,0.5,AP,0.0,0.0
CB4.3C,Middle Bay,38.55505,-76.42794,1989-11-13,1989,11,Fall,14.4,13.06,0.5,AP,27918.0,83753.0
CB4.3C,Middle Bay,38.55505,-76.42794,1989-12-12,1989,12,Winter,3.5,10.76,0.5,AP,277158.0,39594.0
CB4.3C,Middle Bay,38.55505,-76.42794,1990-01-09,1990,1,Winter,0.5,13.26,0.5,AP,443280.0,0.0
CB4.3C,Middle Bay,38.55505,-76.42794,1990-02-06,1990,2,Winter,4.4,9.59,0.5,AP,73880.0,0.0
CB4.3C,Middle Bay,38.55505,-76.42794,1990-03-06,1990,3,Spring,4.6,8.82,0.5,AP,87987.0,0.0
CB4.3C,Middle Bay,38.55505,-76.42794,1990-04-03,1990,4,Spring,8.9,10.04,0.5,AP,0.0,34257.0
CB4.3C,Middle Bay,38.55505,-76.42794,1990-04-17,1990,4,Spring,10.5,11.21,0.5,AP,0.0,73880.0
CB4.3C,Middle Bay,38.55505,-76.42794,1990-05-15,1990,5,Spring,16.1,10.5,0.5,AP,0.0,369400.0
CB4.3C,Middle Bay,38.55505,-76.42794,1990-05-30,1990,5,Spring,17.3,8.5,0.5,AP,0.0,59104.0
CB4.3C,Middle Bay,38.55505,-76.42794,1990-06-26,1990,6,Summer,24.0,9.46,0.5,AP,0.0,59104.0
CB4.3C,Middle Bay,38.55505,-76.42794,1990-07-17,1990,7,Summer,26.2,10.3,0.5,AP,0.0,116323.0
CB4.3C,Middle Bay,38.55505,-76.42794,1990-07-31,1990,7,Summer,26.4,8.69,0.5,AP,0.0,45676.0
CB4.3C,Middle Bay,38.55505,-76.42794,1990-08-14,1990,8,Summer,26.2,11.47,0.5,AP,0.0,0.0
CB4.3C,Middle Bay,38.55505,-76.42794,1990-08-28,1990,8,Summer,25.6,13.06,0.5,AP,0.0,88656.0
CB4.3C,Middle Bay,38.55505,-76.42794,1990-09-11,1990,9,Fall,24.6,13.73,0.5,AP,0.0,0.0
CB4.3C,Middle Bay,38.55505,-76.42794,1990-09-25,1990,9,Fall,20.8,15.61,0.5,AP,0.0,11419.0
CB4.3C,Middle Bay,38.55505,-76.42794,1990-10-16,1990,10,Fall,21.3,15.14,0.5,AP,0.0,13198.0
CB4.3C,Middle Bay,38.55505,-76.42794,1990-11-14,1990,11,Fall,11.7,11.21,0.5,AP,22838.0,59104.0
CB4.3C,Middle Bay,38.55505,-76.42794,1990-12-11,1990,12,Winter,7.8,10.3,0.5,AP,206864.0,679696.0
CB4.3C,Middle Bay,38.55505,-76.42794,1991-01-07,1991,1,Winter,5.6,8.31,0.5,AP,18863.0,37726.0
CB4.3C,Middle Bay,38.55505,-76.42794,1991-02-12,1991,2,Winter,4.6,8.5,0.5,AP,0.0,450316.0
CB4.3C,Middle Bay,38.55505,-76.42794,1991-03-13,1991,3,Spring,6.0,7.37,0.5,AP,0.0,768507.0
CB4.3C,Middle Bay,38.55505,-76.42794,1991-04-09,1991,4,Spring,12.1,9.85,0.5,AP,0.0,945664.0
CB4.3C,Middle Bay,38.55505,-76.42794,1991-04-23,1991,4,Spring,11.2,9.08,0.5,AP,0.0,797904.0
CB4.3C,Middle Bay,38.55505,-76.42794,1991-05-07,1991,5,Spring,16.4,8.31,0.5,AP,0.0,1477600.0
CB4.3C,Middle Bay,38.55505,-76.42794,1991-05-21,1991,5,Spring,19.7,9.2,0.5,AP,0.0,0.0
CB4.3C,Middle Bay,38.55505,-76.42794,1991-06-04,1991,6,Summer,25.0,9.2,0.5,AP,0.0,22838.0
CB4.3C,Middle Bay,38.55505,-76.42794,1991-06-18,1991,6,Summer,25.1,11.61,0.5,AP,0.0,56786.0
CB4.3C,Middle Bay,38.55505,-76.42794,1991-07-09,1991,7,Summer,26.0,12.99,0.5,AP,0.0,0.0
CB4.3C,Middle Bay,38.55505,-76.42794,1991-07-23,1991,7,Summer,28.0,14.19,0.5,AP,0.0,12687.0
CB4.3C,Middle Bay,38.55505,-76.42794,1991-08-06,1991,8,Summer,26.6,14.46,0.5,AP,0.0,31945.0
CB4.3C,Middle Bay,38.55505,-76.42794,1991-08-21,1991,8,Summer,26.4,15.27,0.5,AP,0.0,13798.0
CB4.3C,Middle Bay,38.55505,-76.42794,1991-09-04,1991,9,Fall,25.2,16.09,0.5,AP,0.0,0.0
CB4.3C,Middle Bay,38.55505,-76.42794,1991-09-17,1991,9,Fall,25.2,16.22,0.5,AP,0.0,13798.0
CB4.3C,Middle Bay,38.55505,-76.42794,1991-10-02,1991,10,Fall,21.2,16.63,0.5,AP,0.0,32936.0
CB4.3C,Middle Bay,38.55505,-76.42794,1991-11-06,1991,11,Fall,13.1,16.7,0.5,AP,0.0,12687.0
CB4.3C,Middle Bay,38.55505,-76.42794,1991-12-02,1991,12,Winter,10.2,18.41,0.5,AP,0.0,0.0
CB4.3C,Middle Bay,38.55505,-76.42794,1992-01-07,1992,1,Winter,5.7,16.97,0.5,AP,393282.0,38060.0
CB4.3C,Middle Bay,38.55505,-76.42794,1992-02-10,1992,2,Winter,3.2,16.15,0.5,AP,15973.0,50748.0
CB4.3C,Middle Bay,38.55505,-76.42794,1992-03-12,1992,3,Spring,6.7,17.52,0.5,AP,0.0,143753.0
CB4.3C,Middle Bay,38.55505,-76.42794,1992-04-15,1992,4,Spring,10.2,11.08,0.5,AP,0.0,79863.0
CB4.3C,Middle Bay,38.55505,-76.42794,1992-04-28,1992,4,Spring,13.2,10.04,0.5,AP,0.0,255560.0
CB4.3C,Middle Bay,38.55505,-76.42794,1992-05-12,1992,5,Spring,13.5,11.34,0.5,AP,0.0,766680.0
CB4.3C,Middle Bay,38.55505,-76.42794,1992-05-27,1992,5,Spring,16.5,11.41,0.5,AP,0.0,31945.0
CB4.3C,Middle Bay,38.55505,-76.42794,1992-06-09,1992,6,Summer,21.8,13.19,0.5,AP,0.0,0.0
CB4.3C,Middle Bay,38.55505,-76.42794,1992-06-23,1992,6,Summer,21.1,14.19,0.5,AP,0.0,98808.0
CB4.3C,Middle Bay,38.55505,-76.42794,1992-07-07,1992,7,Summer,23.3,14.33,0.5,AP,0.0,25374.0
CB4.3C,Middle Bay,38.55505,-76.42794,1992-07-21,1992,7,Summer,26.7,14.06,0.5,AP,0.0,25374.0
CB4.3C,Middle Bay,38.55505,-76.42794,1992-08-12,1992,8,Summer,25.9,13.73,0.5,AP,0.0,32936.0
CB4.3C,Middle Bay,38.55505,-76.42794,1992-08-25,1992,8,Summer,24.7,12.0,0.5,AP,0.0,0.0
CB4.3C,Middle Bay,38.55505,-76.42794,1992-09-09,1992,9,Fall,24.7,15.0,0.5,AP,0.0,17247.0
CB4.3C,Middle Bay,38.55505,-76.42794,1992-09-28,1992,9,Fall,21.0,15.07,0.5,AP,0.0,0.0
CB4.3C,Middle Bay,38.55505,-76.42794,1992-10-07,1992,10,Fall,17.9,14.33,0.5,AP,0.0,0.0
CB4.3C,Middle Bay,38.55505,-76.42794,1992-11-18,1992,11,Fall,10.8,15.0,0.5,AP,479032.0,14970.0
CB4.3C,Middle Bay,38.55505,-76.42794,1992-12-08,1992,12,Winter,7.9,14.6,0.5,AP,204587.0,146133.0
CB4.3C,Middle Bay,38.55505,-76.42794,1993-01-05,1993,1,Winter,5.4,12.79,0.5,AP,27898.0,12149.0
CB4.3C,Middle Bay,38.55505,-76.42794,1993-02-09,1993,2,Winter,3.3,13.93,0.5,AP,0.0,153440.0
CB4.3C,Middle Bay,38.55505,-76.42794,1993-03-10,1993,3,Spring,4.0,13.39,0.5,AP,61376.0,92064.0
CB4.3C,Middle Bay,38.55505,-76.42794,1993-04-13,1993,4,Spring,7.8,7.05,0.5,AP,0.0,0.0
CB4.3C,Middle Bay,38.55505,-76.42794,1993-04-28,1993,4,Spring,11.6,5.63,0.5,AP,0.0,40497.0
CB4.3C,Middle Bay,38.55505,-76.42794,1993-05-11,1993,5,Spring,18.3,3.83,0.5,AP,0.0,398944.0
CB4.3C,Middle Bay,38.55505,-76.42794,1993-05-25,1993,5,Spring,18.2,5.94,0.5,AP,0.0,1258208.0
CB4.3C,Middle Bay,38.55505,-76.42794,1993-06-15,1993,6,Summer,22.4,8.25,0.5,AP,0.0,583072.0
CB4.3C,Middle Bay,38.55505,-76.42794,1993-06-29,1993,6,Summer,24.8,9.98,0.5,AP,0.0,12149.0
CB4.3C,Middle Bay,38.55505,-76.42794,1993-07-13,1993,7,Summer,28.4,9.91,0.5,AP,0.0,42963.0
CB4.3C,Middle Bay,38.55505,-76.42794,1993-07-27,1993,7,Summer,26.2,13.13,0.5,AP,0.0,67514.0
CB4.3C,Middle Bay,38.55505,-76.42794,1993-08-10,1993,8,Summer,25.7,12.66,0.5,AP,0.0,14613.0
CB4.3C,Middle Bay,38.55505,-76.42794,1993-08-24,1993,8,Summer,26.0,13.93,0.5,AP,21920.0,65760.0
CB4.3C,Middle Bay,38.55505,-76.42794,1993-09-14,1993,9,Fall,24.8,15.27,0.5,AP,0.0,0.0
CB4.3C,Middle Bay,38.55505,-76.42794,1993-09-28,1993,9,Fall,22.1,15.27,0.5,AP,0.0,0.0
CB4.3C,Middle Bay,38.55505,-76.42794,1993-10-13,1993,10,Fall,17.3,15.41,0.5,AP,0.0,15344.0
CB4.3C,Middle Bay,38.55505,-76.42794,1993-11-16,1993,11,Fall,13.1,16.43,0.5,AP,0.0,15344.0
CB4.3C,Middle Bay,38.55505,-76.42794,1993-12-07,1993,12,Winter,9.4,12.86,0.5,AP,65872.0,98808.0
CB4.3C,Middle Bay,38.55505,-76.42794,1994-02-08,1994,2,Winter,0.6,13.86,0.5,AP,24298.0,147302.0
CB4.3C,Middle Bay,38.55505,-76.42794,1994-03-08,1994,3,Spring,3.2,11.34,0.5,AP,34495.0,0.0
CB4.3C,Middle Bay,38.55505,-76.42794,1994-04-05,1994,4,Spring,8.7,4.6,0.5,AP,12149.0,30688.0
CB4.3C,Middle Bay,38.55505,-76.42794,1994-04-19,1994,4,Spring,12.4,2.37,0.5,AP,0.0,0.0
CB4.3C,Middle Bay,38.55505,-76.42794,1994-05-03,1994,5,Spring,15.4,3.77,0.5,AP,0.0,60745.0
CB4.3C,Middle Bay,38.55505,-76.42794,1994-05-26,1994,5,Spring,18.7,5.88,0.5,AP,0.0,1633393.0
CB4.3C,Middle Bay,38.55505,-76.42794,1994-06-14,1994,6,Summer,22.4,9.08,0.5,AP,0.0,34495.0
CB4.3C,Middle Bay,38.55505,-76.42794,1994-06-28,1994,6,Summer,25.3,9.53,0.5,AP,0.0,34495.0
CB4.3C,Middle Bay,38.55505,-76.42794,1994-07-12,1994,7,Summer,27.0,8.57,0.5,AP,0.0,69745.0
CB4.3C,Middle Bay,38.55505,-76.42794,1994-07-26,1994,7,Summer,27.4,10.24,0.5,AP,0.0,38360.0
CB4.3C,Middle Bay,38.55505,-76.42794,1994-08-16,1994,8,Summer,25.5,10.89,0.5,AP,0.0,0.0
CB4.3C,Middle Bay,38.55505,-76.42794,1994-08-30,1994,8,Summer,24.4,7.87,0.5,AP,0.0,153440.0
CB4.3C,Middle Bay,38.55505,-76.42794,1994-09-13,1994,9,Fall,22.4,9.91,0.5,AP,0.0,13798.0
CB4.3C,Middle Bay,38.55505,-76.42794,1994-09-27,1994,9,Fall,22.4,13.39,0.5,AP,0.0,0.0
CB4.3C,Middle Bay,38.55505,-76.42794,1994-10-12,1994,10,Fall,18.0,15.2,0.5,AP,0.0,0.0
CB4.3C,Middle Bay,38.55505,-76.42794,1994-11-15,1994,11,Fall,14.1,16.36,0.5,AP,0.0,12149.0
CB4.3C,Middle Bay,38.55505,-76.42794,1994-12-13,1994,12,Winter,8.4,13.06,0.5,AP,71600.0,68990.0
CB4.3C,Middle Bay,38.55505,-76.42794,1995-01-10,1995,1,Winter,5.0,16.36,0.5,AP,37427.0,449127.0
CB4.3C,Middle Bay,38.55505,-76.42794,1995-02-14,1995,2,Winter,1.8,14.6,0.5,AP,24298.0,184128.0
CB4.3C,Middle Bay,38.55505,-76.42794,1995-03-21,1995,3,Spring,7.7,13.39,0.5,AP,0.0,34495.0
CB4.3C,Middle Bay,38.55505,-76.42794,1995-04-11,1995,4,Spring,9.8,14.06,0.5,AP,0.0,306880.0
CB4.3C,Middle Bay,38.55505,-76.42794,1995-04-25,1995,4,Spring,12.1,12.79,0.5,AP,0.0,68990.0
CB4.3C,Middle Bay,38.55505,-76.42794,1995-05-09,1995,5,Spring,14.6,11.87,0.5,AP,0.0,84657.0
CB4.3C,Middle Bay,38.55505,-76.42794,1995-05-23,1995,5,Spring,19.5,13.06,0.5,AP,0.0,114983.0
CB4.3C,Middle Bay,38.55505,-76.42794,1995-06-06,1995,6,Summer,22.1,13.66,0.5,AP,0.0,0.0
CB4.3C,Middle Bay,38.55505,-76.42794,1995-06-20,1995,6,Summer,23.4,12.93,0.5,AP,0.0,0.0
CB4.3C,Middle Bay,38.55505,-76.42794,1995-07-11,1995,7,Summer,25.0,13.06,0.5,AP,15344.0,76720.0
CB4.3C,Middle Bay,38.55505,-76.42794,1995-07-25,1995,7,Summer,28.9,13.39,0.5,AP,0.0,52067.0
CB4.3C,Middle Bay,38.55505,-76.42794,1995-08-08,1995,8,Summer,27.4,14.26,0.5,AP,0.0,82340.0
CB4.3C,Middle Bay,38.55505,-76.42794,1995-08-22,1995,8,Summer,26.8,13.19,0.5,AP,0.0,191800.0
CB4.3C,Middle Bay,38.55505,-76.42794,1995-09-06,1995,9,Fall,25.3,16.43,0.5,AP,0.0,0.0
CB4.3C,Middle Bay,38.55505,-76.42794,1995-09-19,1995,9,Fall,22.8,17.59,0.5,AP,0.0,22997.0
CB4.3C,Middle Bay,38.55505,-76.42794,1995-10-03,1995,10,Fall,21.2,17.73,0.5,AP,0.0,65760.0
CB4.3C,Middle Bay,38.55505,-76.42794,1995-11-16,1995,11,Fall,10.1,17.25,0.5,AP,0.0,0.0
CB4.3C,Middle Bay,38.55505,-76.42794,1995-12-13,1995,12,Winter,4.5,13.73,0.5,AP,38360.0,460320.0
CB4.3C,Middle Bay,38.55505,-76.42794,1996-03-12,1996,3,Spring,2.0,9.4,0.5,AP,194844.0,0.0
CB4.3C,Middle Bay,38.55505,-76.42794,1996-04-09,1996,4,Spring,7.5,7.87,0.5,AP,0.0,49903.0
CB4.3C,Middle Bay,38.55505,-76.42794,1996-04-23,1996,4,Spring,11.6,9.33,0.5,AP,0.0,0.0
CB4.3C,Middle Bay,38.55505,-76.42794,1996-05-14,1996,5,Spring,15.1,6.31,0.5,AP,0.0,411700.0
CB4.3C,Middle Bay,38.55505,-76.42794,1996-05-29,1996,5,Spring,16.7,5.02,0.5,AP,0.0,2964240.0
CB4.3C,Middle Bay,38.55505,-76.42794,1996-06-11,1996,6,Summer,21.8,8.5,0.5,AP,0.0,219573.0
CB4.3C,Middle Bay,38.55505,-76.42794,1996-07-09,1996,7,Summer,25.0,8.82,0.5,AP,0.0,13798.0
CB4.3C,Middle Bay,38.55505,-76.42794,1996-07-23,1996,7,Summer,24.8,9.27,0.5,AP,0.0,306880.0
CB4.3C,Middle Bay,38.55505,-76.42794,1996-08-06,1996,8,Summer,25.7,8.89,0.5,AP,0.0,153440.0
CB4.3C,Middle Bay,38.55505,-76.42794,1996-08-27,1996,8,Summer,26.1,9.53,0.5,AP,0.0,230160.0
CB4.3C,Middle Bay,38.55505,-76.42794,1996-09-10,1996,9,Fall,26.2,10.95,0.5,AP,0.0,0.0
CB4.3C,Middle Bay,38.55505,-76.42794,1996-10-09,1996,10,Fall,17.7,9.72,0.5,AP,0.0,0.0
CB4.3C,Middle Bay,38.55505,-76.42794,1996-12-10,1996,12,Winter,6.2,5.82,0.5,AP,0.0,0.0
CB4.3C,Middle Bay,38.55505,-76.42794,1997-03-05,1997,3,Spring,6.5,7.81,0.5,AP,14613.0,14613.0
CB4.3C,Middle Bay,38.55505,-76.42794,1997-04-03,1997,4,Spring,9.0,7.49,0.5,AP,0.0,153440.0
CB4.3C,Middle Bay,38.55505,-76.42794,1997-04-15,1997,4,Spring,10.1,7.49,0.5,AP,0.0,61376.0
CB4.3C,Middle Bay,38.55505,-76.42794,1997-05-13,1997,5,Spring,14.5,9.46,0.5,AP,0.0,230160.0
CB4.3C,Middle Bay,38.55505,-76.42794,1997-05-29,1997,5,Spring,17.1,9.53,0.5,AP,76720.0,460320.0
CB4.3C,Middle Bay,38.55505,-76.42794,1997-06-10,1997,6,Summer,18.2,9.26,0.5,AP,0.0,73067.0
CB4.3C,Middle Bay,38.55505,-76.42794,1997-07-15,1997,7,Summer,26.8,11.21,0.5,AP,0.0,1350272.0
CB4.3C,Middle Bay,38.55505,-76.42794,1997-07-29,1997,7,Summer,25.6,12.16,0.5,AP,0.0,47212.0
CB4.3C,Middle Bay,38.55505,-76.42794,1997-08-12,1997,8,Summer,25.5,13.42,0.5,AP,0.0,122752.0
CB4.3C,Middle Bay,38.55505,-76.42794,1997-08-26,1997,8,Summer,24.7,14.03,0.5,AP,0.0,188849.0
CB4.3C,Middle Bay,38.55505,-76.42794,1997-09-09,1997,9,Fall,23.5,15.07,0.5,AP,0.0,0.0
CB4.3C,Middle Bay,38.55505,-76.42794,1997-10-16,1997,10,Fall,20.0,16.9,0.5,AP,0.0,54893.0
CB4.3C,Middle Bay,38.55505,-76.42794,1997-12-09,1997,12,Winter,7.2,15.88,0.5,AP,0.0,0.0
CB4.3C,Middle Bay,38.55505,-76.42794,1998-03-24,1998,3,Spring,6.0,6.21651,0.5,AP,0.0,76720.0
CB4.3C,Middle Bay,38.55505,-76.42794,1998-04-07,1998,4,Spring,10.9,4.96423,0.5,AP,0.0,0.0
CB4.3C,Middle Bay,38.55505,-76.42794,1998-04-21,1998,4,Spring,14.3,5.73716,0.5,AP,0.0,76720.0
CB4.3C,Middle Bay,38.55505,-76.42794,1998-05-05,1998,5,Spring,16.4,6.17951,0.5,AP,0.0,1841280.0
CB4.3C,Middle Bay,38.55505,-76.42794,1998-05-19,1998,5,Spring,19.6,3.82642,0.5,AP,0.0,3017653.0
CB4.3C,Middle Bay,38.55505,-76.42794,1998-06-02,1998,6,Summer,22.5,7.05412,0.5,AP,0.0,20248.0
CB4.3C,Middle Bay,38.55505,-76.42794,1998-07-07,1998,7,Summer,25.3,8.8852,0.5,AP,0.0,65872.0
CB4.3C,Middle Bay,38.55505,-76.42794,1998-07-21,1998,7,Summer,26.8,9.52594,0.5,AP,0.0,96586.0
CB4.3C,Middle Bay,38.55505,-76.42794,1998-08-04,1998,8,Summer,25.8,10.69045,0.5,AP,0.0,0.0
CB4.3C,Middle Bay,38.55505,-76.42794,1998-08-18,1998,8,Summer,26.7,11.14702,0.5,AP,0.0,76720.0
CB4.3C,Middle Bay,38.55505,-76.42794,1998-09-02,1998,9,Fall,26.6,12.46224,0.5,AP,0.0,27596.0
CB4.3C,Middle Bay,38.55505,-76.42794,1998-10-14,1998,10,Fall,20.0,15.6103,0.5,AP,0.0,0.0
CB4.3C,Middle Bay,38.55505,-76.42794,1998-12-16,1998,12,Winter,10.0,17.31418,0.5,AP,0.0,15186.0
CB4.3C,Middle Bay,38.55505,-76.42794,1999-03-17,1999,3,Spring,4.5,11.86846,0.5,AP,0.0,60745.0
CB4.3C,Middle Bay,38.55505,-76.42794,1999-04-27,1999,4,Spring,12.7,10.95,0.5,AP,0.0,153440.0
CB4.3C,Middle Bay,38.55505,-76.42794,1999-05-11,1999,5,Spring,16.6,10.43,0.5,AP,0.0,548933.0
CB4.3C,Middle Bay,38.55505,-76.42794,1999-05-25,1999,5,Spring,19.2,12.26,0.5,AP,0.0,843920.0
CB4.3C,Middle Bay,38.55505,-76.42794,1999-06-08,1999,6,Summer,23.6,13.59,0.5,AP,0.0,0.0
CB4.3C,Middle Bay,38.55505,-76.42794,1999-07-07,1999,7,Summer,28.3,14.19,0.5,AP,153440.0,0.0
CB4.3C,Middle Bay,38.55505,-76.42794,1999-07-20,1999,7,Summer,26.7,14.8,0.5,AP,0.0,0.0
CB4.3C,Middle Bay,38.55505,-76.42794,1999-08-04,1999,8,Summer,27.2,15.34,0.5,AP,0.0,15186.0
CB4.3C,Middle Bay,38.55505,-76.42794,1999-08-17,1999,8,Summer,27.0,17.04,0.5,AP,0.0,38360.0
CB4.3C,Middle Bay,38.55505,-76.42794,1999-09-21,1999,9,Fall,22.1,16.36,0.5,AP,0.0,0.0
CB4.3C,Middle Bay,38.55505,-76.42794,1999-10-06,1999,10,Fall,19.9,16.97,0.5,AP,20248.0,20248.0
CB4.3C,Middle Bay,38.55505,-76.42794,1999-12-07,1999,12,Winter,9.5,16.15,0.5,AP,82340.0,0.0
CB4.3C,Middle Bay,38.55505,-76.42794,2000-01-19,2000,1,Winter,3.0,16.22,0.5,AP,0.0,576380.0
CB4.3C,Middle Bay,38.55505,-76.42794,2000-03-14,2000,3,Spring,7.5,11.34,0.5,AP,76720.0,383600.0
CB4.3C,Middle Bay,38.55505,-76.42794,2000-04-11,2000,4,Spring,10.8,10.56,0.5,AP,0.0,1764560.0
CB4.3C,Middle Bay,38.55505,-76.42794,2000-04-25,2000,4,Spring,11.9,8.5,0.5,AP,0.0,5140240.0
CB4.3C,Middle Bay,38.55505,-76.42794,2000-05-09,2000,5,Spring,18.7,8.38,0.5,AP,0.0,9331867.0
CB4.3C,Middle Bay,38.55505,-76.42794,2000-05-24,2000,5,Spring,19.0,10.3,0.5,AP,0.0,0.0
CB4.3C,Middle Bay,38.55505,-76.42794,2000-06-13,2000,6,Summer,23.1,9.53,0.5,AP,0.0,164680.0
CB4.3C,Middle Bay,38.55505,-76.42794,2000-07-11,2000,7,Summer,25.6,9.59,0.5,AP,0.0,0.0
CB4.3C,Middle Bay,38.55505,-76.42794,2000-07-25,2000,7,Summer,24.0,10.89,0.5,AP,0.0,117629.0
CB4.3C,Middle Bay,38.55505,-76.42794,2000-08-08,2000,8,Summer,26.7,11.41,0.5,AP,0.0,30372.0
CB4.3C,Middle Bay,38.55505,-76.42794,2000-08-22,2000,8,Summer,24.1,11.74,0.5,AP,230160.0,91117.0
CB4.3C,Middle Bay,38.55505,-76.42794,2000-09-12,2000,9,Fall,24.1,13.59,0.5,AP,0.0,230160.0
CB4.3C,Middle Bay,38.55505,-76.42794,2000-10-11,2000,10,Fall,17.4,14.8,0.5,AP,0.0,66713.0
CB4.3C,Middle Bay,38.55505,-76.42794,2000-12-13,2000,12,Winter,5.5,17.79,0.5,AP,65872.0,0.0
CB4.3C,Middle Bay,38.55505,-76.42794,2001-01-11,2001,1,Winter,0.7,15.68,0.5,AP,15186.0,15186.0
CB4.3C,Middle Bay,38.55505,-76.42794,2001-03-20,2001,3,Spring,6.0,15.14,0.5,AP,0.0,0.0
CB4.3C,Middle Bay,38.55505,-76.42794,2001-04-03,2001,4,Spring,7.0,12.33,0.5,AP,0.0,66713.0
CB4.3C,Middle Bay,38.55505,-76.42794,2001-04-17,2001,4,Spring,11.2,9.59,0.5,AP,0.0,30372.0
CB4.3C,Middle Bay,38.55505,-76.42794,2001-05-09,2001,5,Spring,17.4,10.37,0.5,AP,0.0,767200.0
CB4.3C,Middle Bay,38.55505,-76.42794,2001-05-30,2001,5,Spring,19.4,11.87,0.5,AP,0.0,0.0
CB4.3C,Middle Bay,38.55505,-76.42794,2001-06-12,2001,6,Summer,22.7,11.67,0.5,AP,0.0,1074080.0
CB4.3C,Middle Bay,38.55505,-76.42794,2001-07-10,2001,7,Summer,25.6,13.59,0.5,AP,0.0,85043.0
CB4.3C,Middle Bay,38.55505,-76.42794,2001-07-24,2001,7,Summer,26.2,12.66,0.5,AP,30688.0,24298.0
CB4.3C,Middle Bay,38.55505,-76.42794,2001-08-14,2001,8,Summer,27.2,13.93,0.5,AP,0.0,0.0
CB4.3C,Middle Bay,38.55505,-76.42794,2001-08-28,2001,8,Summer,26.4,14.26,0.5,AP,0.0,127867.0
CB4.3C,Middle Bay,38.55505,-76.42794,2001-09-11,2001,9,Fall,25.5,15.14,0.5,AP,0.0,0.0
CB4.3C,Middle Bay,38.55505,-76.42794,2001-10-16,2001,10,Fall,18.5,17.66,0.5,AP,0.0,13798.0
CB4.3C,Middle Bay,38.55505,-76.42794,2001-12-11,2001,12,Winter,11.7,18.21,0.5,AP,92064.0,0.0
CB4.3C,Middle Bay,38.55505,-76.42794,2002-01-08,2002,1,Winter,4.5,18.21,0.5,AP,182235.0,30372.0
CB4.3C,Middle Bay,38.55505,-76.42794,2002-03-12,2002,3,Spring,6.6,17.18,0.5,AP,30372.0,30372.0
CB4.3C,Middle Bay,38.55505,-76.42794,2002-04-09,2002,4,Spring,10.1,14.19,0.5,AP,164680.0,0.0
CB4.3C,Middle Bay,38.55505,-76.42794,2002-04-24,2002,4,Spring,14.4,11.67,0.5,AP,0.0,60745.0
CB4.3C,Middle Bay,38.55505,-76.42794,2002-05-07,2002,5,Spring,15.7,13.33,0.5,AP,0.0,76720.0
CB4.3C,Middle Bay,38.55505,-76.42794,2002-05-21,2002,5,Spring,17.0,10.04,0.5,AP,0.0,30372.0
CB4.3C,Middle Bay,38.55505,-76.42794,2002-06-18,2002,6,Summer,22.9,9.33,0.5,AP,0.0,0.0
CB4.3C,Middle Bay,38.55505,-76.42794,2002-07-16,2002,7,Summer,25.1,11.8,0.5,AP,0.0,60745.0
CB4.3C,Middle Bay,38.55505,-76.42794,2002-07-30,2002,7,Summer,27.2,13.59,0.5,AP,0.0,30372.0
CB4.3C,Middle Bay,38.55505,-76.42794,2002-08-13,2002,8,Summer,26.3,15.81,0.5,AP,0.0,60745.0
CB4.3C,Middle Bay,38.55505,-76.42794,2002-08-27,2002,8,Summer,27.2,16.29,0.5,AP,0.0,76720.0
CB4.3C,Middle Bay,38.55505,-76.42794,2002-09-17,2002,9,Fall,24.2,18.14,0.5,AP,0.0,0.0
CB4.3C,Middle Bay,38.55505,-76.42794,2002-10-15,2002,10,Fall,20.7,19.59,0.5,AP,0.0,0.0
CB4.3C,Middle Bay,38.55505,-76.42794,2002-12-10,2002,12,Winter,5.1,16.36,0.5,AP,60745.0,303725.0
CB4.3C,Middle Bay,38.55505,-76.42794,2003-03-11,2003,3,Spring,2.4,12.99,0.5,AP,0.0,153440.0
CB4.3C,Middle Bay,38.55505,-76.42794,2003-04-08,2003,4,Spring,8.3,6.8,0.5,AP,0.0,182235.0
CB4.3C,Middle Bay,38.55505,-76.42794,2003-04-22,2003,4,Spring,11.0,8.25,0.5,AP,60745.0,153440.0
CB4.3C,Middle Bay,38.55505,-76.42794,2003-05-06,2003,5,Spring,14.7,8.89,0.5,AP,0.0,607450.0
CB4.3C,Middle Bay,38.55505,-76.42794,2003-05-20,2003,5,Spring,15.8,9.08,0.5,AP,0.0,5370400.0
CB4.3C,Middle Bay,38.55505,-76.42794,2003-06-17,2003,6,Summer,21.6,8.76,0.5,AP,0.0,76720.0
CB4.3C,Middle Bay,38.55505,-76.42794,2003-07-08,2003,7,Summer,26.3,7.93,0.5,AP,0.0,76720.0
CB4.3C,Middle Bay,38.55505,-76.42794,2003-07-22,2003,7,Summer,26.6,10.04,0.5,AP,0.0,0.0
CB4.3C,Middle Bay,38.55505,-76.42794,2003-08-05,2003,8,Summer,26.3,10.17,0.5,AP,0.0,0.0
CB4.3C,Middle Bay,38.55505,-76.42794,2003-08-19,2003,8,Summer,26.8,6.93,0.5,AP,0.0,30372.0
CB4.3C,Middle Bay,38.55505,-76.42794,2003-09-16,2003,9,Fall,23.3,10.69,0.5,AP,0.0,0.0
CB4.3C,Middle Bay,38.55505,-76.42794,2003-10-07,2003,10,Fall,18.8,12.13,0.5,AP,0.0,0.0
CB4.3C,Middle Bay,38.55505,-76.42794,2003-12-16,2003,12,Winter,5.8,7.12,0.5,AP,30372.0,60745.0
CB4.3C,Middle Bay,38.55505,-76.42794,2004-03-16,2004,3,Spring,6.3,10.3,0.5,AP,15186.0,0.0
CB4.3C,Middle Bay,38.55505,-76.42794,2004-04-13,2004,4,Spring,8.7,8.06,0.5,AP,0.0,6075.0
CB4.3C,Middle Bay,38.55505,-76.42794,2004-04-27,2004,4,Spring,14.9,8.95,0.5,AP,0.0,38360.0
CB4.3C,Middle Bay,38.55505,-76.42794,2004-05-11,2004,5,Spring,18.7,7.37,0.5,AP,0.0,2224880.0
CB4.3C,Middle Bay,38.55505,-76.42794,2004-05-25,2004,5,Spring,24.0,7.05,0.5,AP,0.0,345240.0
CB4.3C,Middle Bay,38.55505,-76.42794,2004-06-08,2004,6,Summer,21.7,6.37,0.5,AP,0.0,15186.0
CB4.3C,Middle Bay,38.55505,-76.42794,2004-07-07,2004,7,Summer,26.3,10.82,0.5,AP,0.0,15186.0
CB4.3C,Middle Bay,38.55505,-76.42794,2004-07-20,2004,7,Summer,25.5,10.43,0.5,AP,0.0,76720.0
CB4.3C,Middle Bay,38.55505,-76.42794,2004-08-10,2004,8,Summer,25.0,8.19,0.5,AP,0.0,76720.0
CB4.3C,Middle Bay,38.55505,-76.42794,2004-08-24,2004,8,Summer,25.3,10.24,0.5,AP,0.0,76720.0
CB4.3C,Middle Bay,38.55505,-76.42794,2004-09-21,2004,9,Fall,21.8,6.93,0.5,AP,0.0,0.0
CB4.3C,Middle Bay,38.55505,-76.42794,2004-10-13,2004,10,Fall,19.1,7.93,0.5,AP,0.0,30372.0
CB4.3C,Middle Bay,38.55505,-76.42794,2004-12-07,2004,12,Winter,9.5,9.72,0.5,AP,212607.0,383600.0
CB4.3C,Middle Bay,38.55505,-76.42794,2005-03-15,2005,3,Spring,3.6,11.87,0.5,AP,182235.0,789685.0
CB4.3C,Middle Bay,38.55505,-76.42794,2005-04-05,2005,4,Spring,7.9,5.82,0.5,AP,5750.0,425215.0
CB4.3C,Middle Bay,38.55505,-76.42794,2005-04-19,2005,4,Spring,13.4,4.06,0.5,AP,400.0,642161.0
CB4.3C,Middle Bay,38.55505,-76.42794,2005-05-11,2005,5,Spring,14.4,9.08,0.5,AP,0.0,485960.0
CB4.3C,Middle Bay,38.55505,-76.42794,2005-05-25,2005,5,Spring,16.4,8.38,0.5,AP,0.0,2915760.0
CB4.3C,Middle Bay,38.55505,-76.42794,2005-06-14,2005,6,Summer,24.7,10.56,0.5,AP,0.0,0.0
CB4.3C,Middle Bay,38.55505,-76.42794,2005-07-12,2005,7,Summer,27.0,11.47,0.5,AP,0.0,6000.0
CB4.3C,Middle Bay,38.55505,-76.42794,2005-07-26,2005,7,Summer,28.6,11.47,0.5,AP,0.0,60745.0
CB4.3C,Middle Bay,38.55505,-76.42794,2005-08-09,2005,8,Summer,28.2,12.66,0.5,AP,0.0,1000.0
CB4.3C,Middle Bay,38.55505,-76.42794,2005-08-24,2005,8,Summer,27.5,13.53,0.5,AP,0.0,2000.0
CB4.3C,Middle Bay,38.55505,-76.42794,2005-09-13,2005,9,Fall,25.6,14.46,0.5,AP,250.0,30372.0
CB4.3C,Middle Bay,38.55505,-76.42794,2005-10-26,2005,10,Fall,16.7,14.8,0.5,AP,0.0,0.0
CB4.3C,Middle Bay,38.55505,-76.42794,2005-12-14,2005,12,Winter,4.3,9.4,0.5,AP,303725.0,212607.0
CB4.3C,Middle Bay,38.55505,-76.42794,2006-03-08,2006,3,Spring,4.2,9.53,0.5,AP,60745.0,303725.0
CB4.3C,Middle Bay,38.55505,-76.42794,2006-04-06,2006,4,Spring,9.6,11.41,0.5,AP,0.0,60745.0
CB4.3C,Middle Bay,38.55505,-76.42794,2006-04-18,2006,4,Spring,12.6,12.2,0.5,AP,0.0,216946.0
CB4.3C,Middle Bay,38.55505,-76.42794,2006-05-09,2006,5,Spring,,10.37,0.5,AP,0.0,1670487.0
CB4.3C,Middle Bay,38.55505,-76.42794,2006-05-23,2006,5,Spring,16.6,13.13,0.5,AP,0.0,4500.0
CB4.3C,Middle Bay,38.55505,-76.42794,2006-06-20,2006,6,Summer,23.8,13.46,0.5,AP,0.0,4000.0
CB4.3C,Middle Bay,38.55505,-76.42794,2006-07-12,2006,7,Summer,25.8,9.53,0.5,AP,200.0,267278.0
CB4.3C,Middle Bay,38.55505,-76.42794,2006-07-26,2006,7,Summer,27.2,9.91,0.5,AP,0.0,2000.0
CB4.3C,Middle Bay,38.55505,-76.42794,2006-08-15,2006,8,Summer,26.3,11.54,0.5,AP,0.0,500.0
CB4.3C,Middle Bay,38.55505,-76.42794,2006-08-29,2006,8,Summer,27.2,13.93,0.5,AP,0.0,82834.0
CB4.3C,Middle Bay,38.55505,-76.42794,2006-09-19,2006,9,Fall,22.8,12.59,0.5,AP,0.0,24298.0
CB4.3C,Middle Bay,38.55505,-76.42794,2006-10-17,2006,10,Fall,17.7,13.79,0.5,AP,0.0,97192.0
CB4.3C,Middle Bay,38.55505,-76.42794,2006-12-12,2006,12,Winter,7.7,11.41,0.5,AP,121490.0,1190602.0
CB4.3C,Middle Bay,38.55505,-76.42794,2007-03-13,2007,3,Spring,4.2,10.82,0.5,AP,60745.0,334097.0
CB4.3C,Middle Bay,38.55505,-76.42794,2007-04-10,2007,4,Spring,7.5,7.81,0.5,AP,2750.0,1518625.0
CB4.3C,Middle Bay,38.55505,-76.42794,2007-04-24,2007,4,Spring,13.4,7.93,0.5,AP,0.0,2095702.0
CB4.3C,Middle Bay,38.55505,-76.42794,2007-05-09,2007,5,Spring,14.5,8.25,0.5,AP,0.0,607112.0
CB4.3C,Middle Bay,38.55505,-76.42794,2007-05-22,2007,5,Spring,17.8,9.27,0.5,AP,0.0,789685.0
CB4.3C,Middle Bay,38.55505,-76.42794,2007-06-19,2007,6,Summer,24.1,10.43,0.5,AP,0.0,2000.0
CB4.3C,Middle Bay,38.55505,-76.42794,2007-07-10,2007,7,Summer,26.0,12.26,0.5,AP,0.0,182235.0
CB4.3C,Middle Bay,38.55505,-76.42794,2007-07-24,2007,7,Summer,25.3,13.46,0.5,AP,0.0,30372.0
CB4.3C,Middle Bay,38.55505,-76.42794,2007-08-07,2007,8,Summer,28.1,14.26,0.5,AP,0.0,30372.0
CB4.3C,Middle Bay,38.55505,-76.42794,2007-08-21,2007,8,Summer,25.9,14.66,0.5,AP,0.0,1000.0
CB4.3C,Middle Bay,38.55505,-76.42794,2007-09-18,2007,9,Fall,23.4,16.49,0.5,AP,0.0,750.0
CB4.3C,Middle Bay,38.55505,-76.42794,2007-10-16,2007,10,Fall,21.1,17.86,0.5,AP,0.0,24298.0
CB4.3C,Middle Bay,38.55505,-76.42794,2007-12-11,2007,12,Winter,7.1,14.73,0.5,AP,19500.0,60745.0
CB4.3C,Middle Bay,38.55505,-76.42794,2008-03-18,2008,3,Spring,7.3,6.43,0.5,AP,242980.0,60745.0
CB4.3C,Middle Bay,38.55505,-76.42794,2008-04-15,2008,4,Spring,10.7,7.49,0.5,AP,0.0,607450.0
CB4.3C,Middle Bay,38.55505,-76.42794,2008-04-29,2008,4,Spring,15.7,7.24,0.5,AP,0.0,1214900.0
CB4.3C,Middle Bay,38.55505,-76.42794,2008-05-15,2008,5,Spring,16.4,8.31,0.5,AP,0.0,4300746.0
CB4.3C,Middle Bay,38.55505,-76.42794,2008-05-29,2008,5,Spring,17.6,9.08,0.5,AP,0.0,0.0
CB4.3C,Middle Bay,38.55505,-76.42794,2008-06-24,2008,6,Summer,24.0,9.85,0.5,AP,0.0,30372.0
CB4.3C,Middle Bay,38.55505,-76.42794,2008-07-08,2008,7,Summer,26.0,10.63,0.5,AP,30372.0,0.0
CB4.3C,Middle Bay,38.55505,-76.42794,2008-07-22,2008,7,Summer,27.7,11.54,0.5,AP,0.0,212607.0
CB4.3C,Middle Bay,38.55505,-76.42794,2008-08-12,2008,8,Summer,25.2,12.53,0.5,AP,0.0,60745.0
CB4.3C,Middle Bay,38.55505,-76.42794,2008-08-26,2008,8,Summer,25.6,14.53,0.5,AP,0.0,80993.0
CB4.3C,Middle Bay,38.55505,-76.42794,2008-09-17,2008,9,Fall,24.3,15.47,0.5,AP,0.0,17356.0
CB4.3C,Middle Bay,38.55505,-76.42794,2008-10-21,2008,10,Fall,17.9,17.25,0.5,AP,0.0,48596.0
CB4.3C,Middle Bay,38.55505,-76.42794,2008-12-17,2008,12,Winter,6.0,17.59,0.5,AP,24298.0,4400.0
CB4.3C,Middle Bay,38.55505,-76.42794,2009-03-17,2009,3,Spring,5.2,12.79,0.5,AP,24298.0,97192.0
CB4.3C,Middle Bay,38.55505,-76.42794,2009-04-14,2009,4,Spring,10.0,13.19,0.5,AP,1200.0,1798052.0
CB4.3C,Middle Bay,38.55505,-76.42794,2009-04-28,2009,4,Spring,15.7,12.13,0.5,AP,0.0,182235.0
CB4.3C,Middle Bay,38.55505,-76.42794,2009-05-12,2009,5,Spring,16.5,11.34,0.5,AP,0.0,3280230.0
CB4.3C,Middle Bay,38.55505,-76.42794,2009-05-27,2009,5,Spring,19.5,12.99,0.5,AP,0.0,48596.0
CB4.3C,Middle Bay,38.55505,-76.42794,2009-06-16,2009,6,Summer,24.1,10.69,0.5,AP,0.0,48596.0
CB4.3C,Middle Bay,38.55505,-76.42794,2009-07-14,2009,7,Summer,25.0,12.86,0.5,AP,0.0,0.0
CB4.3C,Middle Bay,38.55505,-76.42794,2009-07-28,2009,7,Summer,26.3,13.33,0.5,AP,0.0,80993.0
CB4.3C,Middle Bay,38.55505,-76.42794,2009-08-11,2009,8,Summer,27.7,11.87,0.5,AP,0.0,48596.0
CB4.3C,Middle Bay,38.55505,-76.42794,2009-08-25,2009,8,Summer,27.5,12.73,0.5,AP,0.0,20248.0
CB4.3C,Middle Bay,38.55505,-76.42794,2009-09-15,2009,9,Fall,22.8,13.33,0.5,AP,0.0,0.0
CB4.3C,Middle Bay,38.55505,-76.42794,2010-03-16,2010,3,Spring,6.0,12.0,0.5,AP,27596.0,0.0
CB4.3C,Middle Bay,38.55505,-76.42794,2010-04-13,2010,4,Spring,14.0,7.87,0.5,AP,0.0,48596.0
CB4.3C,Middle Bay,38.55505,-76.42794,2010-05-11,2010,5,Spring,16.3,10.37,0.5,AP,0.0,172475.0
CB4.3C,Middle Bay,38.55505,-76.42794,2010-08-03,2010,8,Summer,27.4,13.79,0.5,AP,0.0,97192.0
CB4.3C,Middle Bay,38.55505,-76.42794,2010-08-24,2010,8,Summer,27.0,14.6,0.5,AP,0.0,0.0
CB4.3C,Middle Bay,38.55505,-76.42794,2010-09-21,2010,9,Fall,23.6,17.25,0.5,AP,0.0,3600.0
CB4.3C,Middle Bay,38.55505,-76.42794,2011-03-15,2011,3,Spring,5.8,3.71,0.5,AP,97192.0,48596.0
CB4.3C,Middle Bay,38.55505,-76.42794,2011-04-12,2011,4,Spring,9.7,9.08,0.5,AP,97192.0,485960.0
CB4.3C,Middle Bay,38.55505,-76.42794,2011-05-10,2011,5,Spring,16.4,3.18,0.5,AP,0.0,3596100.0
CB4.3C,Middle Bay,38.55505,-76.42794,2011-07-12,2011,7,Summer,26.4,9.33,0.5,AP,0.0,114983.0
CB4.3C,Middle Bay,38.55505,-76.42794,2011-08-09,2011,8,Summer,28.2,12.2,0.5,AP,0.0,194384.0
CB4.3C,Middle Bay,38.55505,-76.42794,2011-09-20,2011,9,Fall,20.6,4.9,0.5,AP,0.0,1000.0
CB4.3C,Middle Bay,38.55505,-76.42794,2016-05-10,2016,5,Spring,14.9,10.24,0.5,AP,1000.0,220000.0
CB4.3C,Middle Bay,38.55505,-76.42794,2016-06-07,2016,6,Summer,22.9,13.73,0.5,AP,0.0,44000.0
CB4.3C,Middle Bay,38.55505,-76.42794,2016-07-12,2016,7,Summer,26.2,13.66,0.5,AP,0.0,42000.0
CB4.3C,Middle Bay,38.55505,-76.42794,2016-08-09,2016,8,Summer,27.5,15.07,0.5,AP,0.0,168000.0
CB4.3C,Middle Bay,38.55505,-76.42794,2016-09-20,2016,9,Fall,24.9,17.38,0.5,AP,0.0,0.0
CB4.3C,Middle Bay,38.55505,-76.42794,2016-10-18,2016,10,Fall,19.5,17.31,0.5,AP,0.0,0.0
CB4.3C,Middle Bay,38.55505,-76.42794,2016-11-15,2016,11,Fall,13.4,17.59,0.5,AP,28000.0,123300.0
CB4.3C,Middle Bay,38.55505,-76.42794,2017-02-15,2017,2,Winter,4.6,15.88,0.5,AP,8700.0,35000.0
CB4.3C,Middle Bay,38.55505,-76.42794,2017-03-21,2017,3,Spring,6.2,13.53,0.5,AP,500.0,61200.0
CB4.3C,Middle Bay,38.55505,-76.42794,2017-04-12,2017,4,Spring,12.0,10.56,0.5,AP,17500.0,179300.0
CB4.3C,Middle Bay,38.55505,-76.42794,2017-05-10,2017,5,Spring,16.2,8.69,0.5,AP,100.0,159400.0
CB4.3C,Middle Bay,38.55505,-76.42794,2017-06-07,2017,6,Summer,21.5,9.59,0.5,AP,0.0,11600.0
CB4.3C,Middle Bay,38.55505,-76.42794,2017-07-11,2017,7,Summer,27.1,10.11,0.5,AP,0.0,58300.0
CB4.3C,Middle Bay,38.55505,-76.42794,2017-08-09,2017,8,Summer,25.9,10.76,0.5,AP,0.0,71700.0
CB4.3C,Middle Bay,38.55505,-76.42794,2017-09-26,2017,9,Fall,24.7,13.59,0.5,AP,0.0,1300.0
CB4.3C,Middle Bay,38.55505,-76.42794,2017-10-31,2017,10,Fall,18.3,17.18,0.5,AP,0.0,73500.0
CB4.3C,Middle Bay,38.55505,-76.42794,2017-11-14,2017,11,Fall,12.7,14.4,0.5,AP,0.0,23900.0
CB4.3C,Middle Bay,38.55505,-76.42794,2017-12-11,2017,12,Winter,9.0,15.41,0.5,AP,95600.0,287000.0
CB4.3C,Middle Bay,38.55505,-76.42794,2018-02-14,2018,2,Winter,2.6,13.06,0.5,AP,300.0,273300.0
CB4.3C,Middle Bay,38.55505,-76.42794,2018-03-28,2018,3,Spring,5.8,12.4,0.5,AP,47800.0,669600.0
CB4.3C,Middle Bay,38.55505,-76.42794,2018-04-24,2018,4,Spring,11.1,9.72,0.5,AP,71700.0,358700.0
CB4.3C,Middle Bay,38.55505,-76.42794,2018-05-15,2018,5,Spring,19.6,8.89,0.5,AP,8700.0,2367700.0
CB4.3C,Middle Bay,38.55505,-76.42794,2018-06-05,2018,6,Summer,21.5,5.57,0.5,AP,0.0,286977.59999
CB4.3C,Middle Bay,38.55505,-76.42794,2018-07-10,2018,7,Summer,26.4,9.4,0.5,AP,0.0,11037.6
CB4.3C,Middle Bay,38.55505,-76.42794,2018-08-07,2018,8,Summer,27.7,6.56,0.5,AP,0.0,238650.81081
CB4.3C,Middle Bay,38.55505,-76.42794,2018-09-25,2018,9,Fall,23.2,7.93,0.5,AP,0.0,22075.2
CB4.3C,Middle Bay,38.55505,-76.42794,2018-10-19,2018,10,Fall,19.5,7.62,0.5,AP,0.0,50170.90909
CB4.3C,Middle Bay,38.55505,-76.42794,2018-11-26,2018,11,Fall,9.5,6.06,0.5,AP,0.0,55188.0
CB4.3C,Middle Bay,38.55505,-76.42794,2018-12-12,2018,12,Winter,5.0,4.8,0.5,AP,0.0,99338.4
CB4.3C,Middle Bay,38.55505,-76.42794,2019-01-16,2019,1,Winter,4.2,7.05,0.5,AP,0.0,147168.0
CB4.3C,Middle Bay,38.55505,-76.42794,2019-02-12,2019,2,Winter,2.6,5.94,0.5,AP,23994.7826,400.0
CB4.3C,Middle Bay,38.55505,-76.42794,2019-03-12,2019,3,Spring,4.5,8.57,0.5,AP,36792.0,36792.0
CB4.3C,Middle Bay,38.55505,-76.42794,2019-04-17,2019,4,Spring,12.5,6.68,0.5,AP,1200.0,1931580.0
CB4.3C,Middle Bay,38.55505,-76.42794,2019-05-22,2019,5,Spring,19.3,5.94,0.5,AP,400.0,132451.2
CB4.3C,Middle Bay,38.55505,-76.42794,2019-06-05,2019,6,Summer,22.1,5.27,0.5,AP,0.0,160223.2258
CB4.3C,Middle Bay,38.55505,-76.42794,2019-07-09,2019,7,Summer,26.0,7.93,0.5,AP,0.0,77263.19999
CB4.3C,Middle Bay,38.55505,-76.42794,2019-08-06,2019,8,Summer,28.1,9.85,0.5,AP,0.0,11037.6
CB4.3C,Middle Bay,38.55505,-76.42794,2019-09-17,2019,9,Fall,24.9,13.53,0.5,AP,0.0,0.0
CB4.3C,Middle Bay,38.55505,-76.42794,2019-10-21,2019,10,Fall,17.9,16.02,0.5,AP,0.0,0.0
CB4.3C,Middle Bay,38.55505,-76.42794,2019-11-18,2019,11,Fall,10.5,13.93,0.5,AP,0.0,11037.6
CB4.3C,Middle Bay,38.55505,-76.42794,2019-12-12,2019,12,Winter,7.8,15.27,0.5,AP,0.0,162317.64705
CB5.2,Middle Bay,38.13705,-76.22787,1984-08-06,1984,8,Summer,25.9,8.82,0.5,AP,0.0,289493.0
CB5.2,Middle Bay,38.13705,-76.22787,1984-08-29,1984,8,Summer,25.2,11.93,0.5,AP,0.0,49784.0
CB5.2,Middle Bay,38.13705,-76.22787,1984-09-10,1984,9,Fall,23.5,13.93,0.5,AP,0.0,6172.0
CB5.2,Middle Bay,38.13705,-76.22787,1984-09-24,1984,9,Fall,23.0,15.88,0.5,AP,0.0,10563.0
CB5.2,Middle Bay,38.13705,-76.22787,1984-10-08,1984,10,Fall,18.4,15.34,0.5,AP,0.0,0.0
CB5.2,Middle Bay,38.13705,-76.22787,1984-11-05,1984,11,Fall,18.0,16.63,0.5,AP,0.0,0.0
CB5.2,Middle Bay,38.13705,-76.22787,1984-12-10,1984,12,Winter,7.7,17.31,0.5,AP,0.0,0.0
CB5.2,Middle Bay,38.13705,-76.22787,1985-01-14,1985,1,Winter,4.2,15.95,0.5,AP,169888.0,820889.0
CB5.2,Middle Bay,38.13705,-76.22787,1985-02-11,1985,2,Winter,0.0,16.43,0.5,AP,353487.0,2447133.0
CB5.2,Middle Bay,38.13705,-76.22787,1985-03-19,1985,3,Spring,11.5,15.14,0.5,AP,38284.0,647457.0
CB5.2,Middle Bay,38.13705,-76.22787,1985-04-08,1985,4,Spring,10.9,14.66,0.5,AP,112965.0,1403243.0
CB5.2,Middle Bay,38.13705,-76.22787,1985-04-22,1985,4,Spring,15.2,13.06,0.5,AP,0.0,527714.0
CB5.2,Middle Bay,38.13705,-76.22787,1985-05-06,1985,5,Spring,16.8,13.59,0.5,AP,0.0,226565.0
CB5.2,Middle Bay,38.13705,-76.22787,1985-05-20,1985,5,Spring,19.0,14.6,0.5,AP,0.0,59104.0
CB5.2,Middle Bay,38.13705,-76.22787,1985-06-03,1985,6,Summer,22.9,14.19,0.5,AP,5710.0,13521.0
CB5.2,Middle Bay,38.13705,-76.22787,1985-06-17,1985,6,Summer,23.1,15.2,0.5,AP,0.0,34935.0
CB5.2,Middle Bay,38.13705,-76.22787,1985-07-08,1985,7,Summer,25.6,15.81,0.5,AP,0.0,0.0
CB5.2,Middle Bay,38.13705,-76.22787,1985-07-22,1985,7,Summer,27.1,16.36,0.5,AP,0.0,0.0
CB5.2,Middle Bay,38.13705,-76.22787,1985-08-06,1985,8,Summer,25.7,16.84,0.5,AP,0.0,44328.0
CB5.2,Middle Bay,38.13705,-76.22787,1985-08-19,1985,8,Summer,26.2,16.7,0.5,AP,0.0,181125.0
CB5.2,Middle Bay,38.13705,-76.22787,1985-09-09,1985,9,Fall,27.9,17.11,0.5,AP,0.0,13521.0
CB5.2,Middle Bay,38.13705,-76.22787,1985-09-23,1985,9,Fall,23.1,18.07,0.5,AP,0.0,0.0
CB5.2,Middle Bay,38.13705,-76.22787,1985-10-07,1985,10,Fall,20.8,18.9,0.5,AP,0.0,11419.0
CB5.2,Middle Bay,38.13705,-76.22787,1985-11-12,1985,11,Fall,15.2,18.55,0.5,AP,0.0,0.0
CB5.2,Middle Bay,38.13705,-76.22787,1986-01-06,1986,1,Winter,4.1,15.81,0.5,AP,14776.0,694472.0
CB5.2,Middle Bay,38.13705,-76.22787,1986-03-10,1986,3,Spring,3.4,13.86,0.5,AP,14776.0,177312.0
CB5.2,Middle Bay,38.13705,-76.22787,1986-04-07,1986,4,Spring,12.5,10.11,0.5,AP,0.0,265968.0
CB5.2,Middle Bay,38.13705,-76.22787,1986-04-21,1986,4,Spring,11.7,11.87,0.5,AP,14776.0,561488.0
CB5.2,Middle Bay,38.13705,-76.22787,1986-05-12,1986,5,Spring,15.4,13.59,0.5,AP,0.0,147760.0
CB5.2,Middle Bay,38.13705,-76.22787,1986-05-26,1986,5,Spring,19.6,13.26,0.5,AP,0.0,620592.0
CB5.2,Middle Bay,38.13705,-76.22787,1986-06-09,1986,6,Summer,23.3,14.06,0.5,AP,0.0,33802.0
CB5.2,Middle Bay,38.13705,-76.22787,1986-06-23,1986,6,Summer,23.6,15.0,0.5,AP,0.0,524514.0
CB5.2,Middle Bay,38.13705,-76.22787,1986-07-15,1986,7,Summer,26.8,13.39,0.5,AP,0.0,12313.0
CB5.2,Middle Bay,38.13705,-76.22787,1986-07-28,1986,7,Summer,28.5,15.14,0.5,AP,0.0,22838.0
CB5.2,Middle Bay,38.13705,-76.22787,1986-08-11,1986,8,Summer,27.4,16.43,0.5,AP,0.0,0.0
CB5.2,Middle Bay,38.13705,-76.22787,1986-08-25,1986,8,Summer,25.1,16.63,0.5,AP,0.0,14776.0
CB5.2,Middle Bay,38.13705,-76.22787,1986-09-08,1986,9,Fall,23.1,16.15,0.5,AP,0.0,5710.0
CB5.2,Middle Bay,38.13705,-76.22787,1986-09-22,1986,9,Fall,22.1,17.79,0.5,AP,0.0,0.0
CB5.2,Middle Bay,38.13705,-76.22787,1986-10-08,1986,10,Fall,21.8,17.73,0.5,AP,0.0,44328.0
CB5.2,Middle Bay,38.13705,-76.22787,1986-11-17,1986,11,Fall,12.3,18.28,0.5,AP,0.0,0.0
CB5.2,Middle Bay,38.13705,-76.22787,1986-12-08,1986,12,Winter,8.5,16.02,0.5,AP,0.0,118208.0
CB5.2,Middle Bay,38.13705,-76.22787,1987-01-05,1987,1,Winter,4.9,15.07,0.5,AP,29552.0,376788.0
CB5.2,Middle Bay,38.13705,-76.22787,1987-03-09,1987,3,Spring,5.8,14.8,0.5,AP,29552.0,280744.0
CB5.2,Middle Bay,38.13705,-76.22787,1987-04-06,1987,4,Spring,8.5,15.27,0.5,AP,0.0,206864.0
CB5.2,Middle Bay,38.13705,-76.22787,1987-04-20,1987,4,Spring,12.2,13.53,0.5,AP,0.0,14776.0
CB5.2,Middle Bay,38.13705,-76.22787,1987-05-06,1987,5,Spring,15.5,11.74,0.5,AP,0.0,29552.0
CB5.2,Middle Bay,38.13705,-76.22787,1987-05-18,1987,5,Spring,19.8,13.19,0.5,AP,0.0,103432.0
CB5.2,Middle Bay,38.13705,-76.22787,1987-06-01,1987,6,Summer,24.7,13.33,0.5,AP,0.0,14776.0
CB5.2,Middle Bay,38.13705,-76.22787,1987-06-15,1987,6,Summer,23.6,14.06,0.5,AP,0.0,5710.0
CB5.2,Middle Bay,38.13705,-76.22787,1987-07-06,1987,7,Summer,25.5,17.11,0.5,AP,0.0,0.0
CB5.2,Middle Bay,38.13705,-76.22787,1987-07-20,1987,7,Summer,28.0,14.4,0.5,AP,0.0,0.0
CB5.2,Middle Bay,38.13705,-76.22787,1987-08-03,1987,8,Summer,27.8,15.41,0.5,AP,0.0,2855.0
CB5.2,Middle Bay,38.13705,-76.22787,1987-08-17,1987,8,Summer,27.7,16.29,0.5,AP,0.0,0.0
CB5.2,Middle Bay,38.13705,-76.22787,1987-09-01,1987,9,Fall,25.1,16.84,0.5,AP,0.0,14776.0
CB5.2,Middle Bay,38.13705,-76.22787,1987-09-14,1987,9,Fall,25.4,17.31,0.5,AP,0.0,22164.0
CB5.2,Middle Bay,38.13705,-76.22787,1987-10-05,1987,10,Fall,20.0,19.31,0.5,AP,0.0,0.0
CB5.2,Middle Bay,38.13705,-76.22787,1987-11-16,1987,11,Fall,12.0,18.21,0.5,AP,0.0,0.0
CB5.2,Middle Bay,38.13705,-76.22787,1987-12-14,1987,12,Winter,7.5,16.22,0.5,AP,29552.0,325072.0
CB5.2,Middle Bay,38.13705,-76.22787,1988-01-11,1988,1,Winter,1.9,15.75,0.5,AP,23782.0,231480.0
CB5.2,Middle Bay,38.13705,-76.22787,1988-03-16,1988,3,Spring,5.2,14.4,0.5,AP,0.0,58789.0
CB5.2,Middle Bay,38.13705,-76.22787,1988-04-11,1988,4,Spring,10.9,13.06,0.5,AP,0.0,29552.0
CB5.2,Middle Bay,38.13705,-76.22787,1988-04-25,1988,4,Spring,11.5,13.26,0.5,AP,0.0,11419.0
CB5.2,Middle Bay,38.13705,-76.22787,1988-05-09,1988,5,Spring,14.0,14.53,0.5,AP,34897.0,0.0
CB5.2,Middle Bay,38.13705,-76.22787,1988-05-23,1988,5,Spring,20.3,12.2,0.5,AP,0.0,69794.0
CB5.2,Middle Bay,38.13705,-76.22787,1988-06-06,1988,6,Summer,19.9,10.56,0.5,AP,0.0,0.0
CB5.2,Middle Bay,38.13705,-76.22787,1988-06-20,1988,6,Summer,23.7,12.2,0.5,AP,0.0,103432.0
CB5.2,Middle Bay,38.13705,-76.22787,1988-07-05,1988,7,Summer,23.7,13.46,0.5,AP,0.0,0.0
CB5.2,Middle Bay,38.13705,-76.22787,1988-07-18,1988,7,Summer,27.9,13.99,0.5,AP,0.0,9899.0
CB5.2,Middle Bay,38.13705,-76.22787,1988-08-08,1988,8,Summer,29.2,14.4,0.5,AP,0.0,11419.0
CB5.2,Middle Bay,38.13705,-76.22787,1988-08-22,1988,8,Summer,27.4,15.07,0.5,AP,0.0,0.0
CB5.2,Middle Bay,38.13705,-76.22787,1988-09-06,1988,9,Fall,24.8,16.02,0.5,AP,0.0,9851.0
CB5.2,Middle Bay,38.13705,-76.22787,1988-09-22,1988,9,Fall,22.9,16.36,0.5,AP,0.0,0.0
CB5.2,Middle Bay,38.13705,-76.22787,1988-10-03,1988,10,Fall,21.8,17.11,0.5,AP,0.0,43993.0
CB5.2,Middle Bay,38.13705,-76.22787,1988-11-22,1988,11,Fall,11.6,18.83,0.5,AP,0.0,0.0
CB5.2,Middle Bay,38.13705,-76.22787,1988-12-05,1988,12,Winter,8.5,18.35,0.5,AP,0.0,8724.0
CB5.2,Middle Bay,38.13705,-76.22787,1989-01-17,1989,1,Winter,3.9,17.04,0.5,AP,11419.0,29552.0
CB5.2,Middle Bay,38.13705,-76.22787,1989-03-20,1989,3,Spring,5.1,17.86,0.5,AP,0.0,0.0
CB5.2,Middle Bay,38.13705,-76.22787,1989-04-03,1989,4,Spring,8.3,18.28,0.5,AP,0.0,5710.0
CB5.2,Middle Bay,38.13705,-76.22787,1989-04-17,1989,4,Spring,11.2,14.6,0.5,AP,0.0,6599.0
CB5.2,Middle Bay,38.13705,-76.22787,1989-05-01,1989,5,Spring,15.6,13.99,0.5,AP,0.0,0.0
CB5.2,Middle Bay,38.13705,-76.22787,1989-05-15,1989,5,Spring,15.2,13.46,0.5,AP,0.0,69794.0
CB5.2,Middle Bay,38.13705,-76.22787,1989-06-12,1989,6,Summer,22.6,10.43,0.5,AP,29552.0,118208.0
CB5.2,Middle Bay,38.13705,-76.22787,1989-06-26,1989,6,Summer,25.2,9.46,0.5,AP,0.0,29552.0
CB5.2,Middle Bay,38.13705,-76.22787,1989-07-10,1989,7,Summer,26.1,8.57,0.5,AP,0.0,59104.0
CB5.2,Middle Bay,38.13705,-76.22787,1989-07-24,1989,7,Summer,28.3,8.95,0.5,AP,0.0,295520.0
CB5.2,Middle Bay,38.13705,-76.22787,1989-08-14,1989,8,Summer,24.8,10.24,0.5,AP,0.0,1570365.0
CB5.2,Middle Bay,38.13705,-76.22787,1989-08-28,1989,8,Summer,25.5,12.4,0.5,AP,0.0,0.0
CB5.2,Middle Bay,38.13705,-76.22787,1989-09-11,1989,9,Fall,26.1,13.59,0.5,AP,0.0,0.0
CB5.2,Middle Bay,38.13705,-76.22787,1989-09-25,1989,9,Fall,22.8,14.93,0.5,AP,0.0,47283.0
CB5.2,Middle Bay,38.13705,-76.22787,1989-10-09,1989,10,Fall,18.9,15.0,0.5,AP,0.0,13198.0
CB5.2,Middle Bay,38.13705,-76.22787,1989-11-13,1989,11,Fall,14.7,13.93,0.5,AP,0.0,0.0
CB5.2,Middle Bay,38.13705,-76.22787,1989-12-11,1989,12,Winter,4.8,13.39,0.5,AP,39594.0,13198.0
CB5.2,Middle Bay,38.13705,-76.22787,1990-01-08,1990,1,Winter,1.0,14.06,0.5,AP,34257.0,29552.0
CB5.2,Middle Bay,38.13705,-76.22787,1990-02-06,1990,2,Winter,4.1,14.19,0.5,AP,88656.0,29552.0
CB5.2,Middle Bay,38.13705,-76.22787,1990-03-05,1990,3,Spring,5.5,12.86,0.5,AP,0.0,0.0
CB5.2,Middle Bay,38.13705,-76.22787,1990-04-02,1990,4,Spring,9.3,12.4,0.5,AP,0.0,11419.0
CB5.2,Middle Bay,38.13705,-76.22787,1990-04-16,1990,4,Spring,12.0,12.33,0.5,AP,0.0,57095.0
CB5.2,Middle Bay,38.13705,-76.22787,1990-05-14,1990,5,Spring,16.9,12.13,0.5,AP,0.0,228380.0
CB5.2,Middle Bay,38.13705,-76.22787,1990-05-29,1990,5,Spring,18.3,11.74,0.5,AP,0.0,59104.0
CB5.2,Middle Bay,38.13705,-76.22787,1990-06-11,1990,6,Summer,21.2,11.34,0.5,AP,0.0,59104.0
CB5.2,Middle Bay,38.13705,-76.22787,1990-06-25,1990,6,Summer,24.2,11.41,0.5,AP,0.0,206864.0
CB5.2,Middle Bay,38.13705,-76.22787,1990-07-16,1990,7,Summer,26.8,12.86,0.5,AP,0.0,34897.0
CB5.2,Middle Bay,38.13705,-76.22787,1990-07-30,1990,7,Summer,26.6,11.87,0.5,AP,0.0,29552.0
CB5.2,Middle Bay,38.13705,-76.22787,1990-08-13,1990,8,Summer,26.5,11.67,0.5,AP,0.0,65990.0
CB5.2,Middle Bay,38.13705,-76.22787,1990-08-27,1990,8,Summer,26.1,13.06,0.5,AP,0.0,80596.0
CB5.2,Middle Bay,38.13705,-76.22787,1990-09-10,1990,9,Fall,25.7,14.53,0.5,AP,0.0,0.0
CB5.2,Middle Bay,38.13705,-76.22787,1990-09-24,1990,9,Fall,21.5,16.29,0.5,AP,0.0,28145.0
CB5.2,Middle Bay,38.13705,-76.22787,1990-10-15,1990,10,Fall,22.1,16.49,0.5,AP,0.0,69794.0
CB5.2,Middle Bay,38.13705,-76.22787,1990-11-14,1990,11,Fall,12.2,13.33,0.5,AP,11419.0,22838.0
CB5.2,Middle Bay,38.13705,-76.22787,1990-12-10,1990,12,Winter,8.7,13.26,0.5,AP,0.0,118208.0
CB5.2,Middle Bay,38.13705,-76.22787,1991-01-07,1991,1,Winter,6.2,10.17,0.5,AP,0.0,383867.0
CB5.2,Middle Bay,38.13705,-76.22787,1991-02-11,1991,2,Winter,5.4,12.07,0.5,AP,29552.0,620592.0
CB5.2,Middle Bay,38.13705,-76.22787,1991-03-12,1991,3,Spring,6.2,11.74,0.5,AP,0.0,523455.0
CB5.2,Middle Bay,38.13705,-76.22787,1991-04-08,1991,4,Spring,12.0,10.95,0.5,AP,0.0,827456.0
CB5.2,Middle Bay,38.13705,-76.22787,1991-04-22,1991,4,Spring,11.9,12.2,0.5,AP,0.0,443280.0
CB5.2,Middle Bay,38.13705,-76.22787,1991-05-06,1991,5,Spring,16.5,11.41,0.5,AP,0.0,472832.0
CB5.2,Middle Bay,38.13705,-76.22787,1991-05-20,1991,5,Spring,19.4,12.26,0.5,AP,0.0,59104.0
CB5.2,Middle Bay,38.13705,-76.22787,1991-06-03,1991,6,Summer,25.9,10.89,0.5,AP,0.0,118208.0
CB5.2,Middle Bay,38.13705,-76.22787,1991-06-17,1991,6,Summer,25.6,12.73,0.5,AP,0.0,131744.0
CB5.2,Middle Bay,38.13705,-76.22787,1991-07-08,1991,7,Summer,27.3,14.53,0.5,AP,0.0,0.0
CB5.2,Middle Bay,38.13705,-76.22787,1991-07-22,1991,7,Summer,28.5,14.6,0.5,AP,0.0,0.0
CB5.2,Middle Bay,38.13705,-76.22787,1991-08-05,1991,8,Summer,27.3,15.54,0.5,AP,0.0,15973.0
CB5.2,Middle Bay,38.13705,-76.22787,1991-08-20,1991,8,Summer,26.8,16.36,0.5,AP,0.0,32936.0
CB5.2,Middle Bay,38.13705,-76.22787,1991-09-03,1991,9,Fall,26.0,17.18,0.5,AP,0.0,31716.0
CB5.2,Middle Bay,38.13705,-76.22787,1991-09-16,1991,9,Fall,25.5,17.66,0.5,AP,0.0,0.0
CB5.2,Middle Bay,38.13705,-76.22787,1991-10-01,1991,10,Fall,22.1,18.35,0.5,AP,0.0,0.0
CB5.2,Middle Bay,38.13705,-76.22787,1991-11-06,1991,11,Fall,13.8,17.73,0.5,AP,0.0,0.0
CB5.2,Middle Bay,38.13705,-76.22787,1991-12-02,1991,12,Winter,10.6,18.9,0.5,AP,0.0,0.0
CB5.2,Middle Bay,38.13705,-76.22787,1992-01-06,1992,1,Winter,6.2,18.14,0.5,AP,50746.0,0.0
CB5.2,Middle Bay,38.13705,-76.22787,1992-02-10,1992,2,Winter,3.0,18.14,0.5,AP,19030.0,15973.0
CB5.2,Middle Bay,38.13705,-76.22787,1992-03-10,1992,3,Spring,7.4,18.62,0.5,AP,0.0,0.0
CB5.2,Middle Bay,38.13705,-76.22787,1992-04-14,1992,4,Spring,10.5,14.6,0.5,AP,0.0,0.0
CB5.2,Middle Bay,38.13705,-76.22787,1992-04-27,1992,4,Spring,13.7,15.07,0.5,AP,0.0,12687.0
CB5.2,Middle Bay,38.13705,-76.22787,1992-05-11,1992,5,Spring,14.5,11.87,0.5,AP,0.0,63435.0
CB5.2,Middle Bay,38.13705,-76.22787,1992-05-26,1992,5,Spring,17.6,12.86,0.5,AP,0.0,0.0
CB5.2,Middle Bay,38.13705,-76.22787,1992-06-08,1992,6,Summer,21.3,14.8,0.5,AP,0.0,0.0
CB5.2,Middle Bay,38.13705,-76.22787,1992-06-22,1992,6,Summer,21.3,16.02,0.5,AP,0.0,31945.0
CB5.2,Middle Bay,38.13705,-76.22787,1992-07-06,1992,7,Summer,23.8,15.95,0.5,AP,0.0,0.0
CB5.2,Middle Bay,38.13705,-76.22787,1992-07-20,1992,7,Summer,28.0,16.09,0.5,AP,0.0,0.0
CB5.2,Middle Bay,38.13705,-76.22787,1992-08-11,1992,8,Summer,26.5,15.88,0.5,AP,0.0,0.0
CB5.2,Middle Bay,38.13705,-76.22787,1992-08-24,1992,8,Summer,25.6,13.86,0.5,AP,0.0,32936.0
CB5.2,Middle Bay,38.13705,-76.22787,1992-09-08,1992,9,Fall,24.8,16.29,0.5,AP,0.0,0.0
CB5.2,Middle Bay,38.13705,-76.22787,1992-09-22,1992,9,Fall,24.3,16.29,0.5,AP,0.0,55192.0
CB5.2,Middle Bay,38.13705,-76.22787,1992-10-06,1992,10,Fall,18.7,17.45,0.5,AP,0.0,0.0
CB5.2,Middle Bay,38.13705,-76.22787,1992-11-17,1992,11,Fall,11.4,17.79,0.5,AP,18599.0,37198.0
CB5.2,Middle Bay,38.13705,-76.22787,1992-12-07,1992,12,Winter,8.3,15.54,0.5,AP,68196.0,34098.0
CB5.2,Middle Bay,38.13705,-76.22787,1993-01-04,1993,1,Winter,5.3,13.46,0.5,AP,0.0,122752.0
CB5.2,Middle Bay,38.13705,-76.22787,1993-02-08,1993,2,Winter,3.7,14.46,0.5,AP,0.0,245504.0
CB5.2,Middle Bay,38.13705,-76.22787,1993-03-09,1993,3,Spring,4.3,14.4,0.5,AP,0.0,92064.0
CB5.2,Middle Bay,38.13705,-76.22787,1993-04-12,1993,4,Spring,9.4,8.57,0.5,AP,12149.0,61376.0
CB5.2,Middle Bay,38.13705,-76.22787,1993-04-26,1993,4,Spring,11.9,9.08,0.5,AP,0.0,40497.0
CB5.2,Middle Bay,38.13705,-76.22787,1993-05-10,1993,5,Spring,17.4,6.0,0.5,AP,24298.0,61376.0
CB5.2,Middle Bay,38.13705,-76.22787,1993-05-24,1993,5,Spring,18.4,6.37,0.5,AP,0.0,767200.0
CB5.2,Middle Bay,38.13705,-76.22787,1993-06-14,1993,6,Summer,22.6,9.4,0.5,AP,0.0,92064.0
CB5.2,Middle Bay,38.13705,-76.22787,1993-06-28,1993,6,Summer,25.2,10.95,0.5,AP,0.0,30688.0
CB5.2,Middle Bay,38.13705,-76.22787,1993-07-12,1993,7,Summer,28.4,11.47,0.5,AP,0.0,73067.0
CB5.2,Middle Bay,38.13705,-76.22787,1993-07-26,1993,7,Summer,27.2,13.26,0.5,AP,0.0,55238.0
CB5.2,Middle Bay,38.13705,-76.22787,1993-08-09,1993,8,Summer,26.2,14.73,0.5,AP,0.0,57540.0
CB5.2,Middle Bay,38.13705,-76.22787,1993-08-23,1993,8,Summer,26.7,15.14,0.5,AP,0.0,43840.0
CB5.2,Middle Bay,38.13705,-76.22787,1993-09-13,1993,9,Fall,25.2,16.63,0.5,AP,0.0,0.0
CB5.2,Middle Bay,38.13705,-76.22787,1993-09-28,1993,9,Fall,22.8,16.9,0.5,AP,0.0,0.0
CB5.2,Middle Bay,38.13705,-76.22787,1993-10-12,1993,10,Fall,18.3,18.21,0.5,AP,0.0,15344.0
CB5.2,Middle Bay,38.13705,-76.22787,1993-11-15,1993,11,Fall,13.5,17.79,0.5,AP,0.0,15344.0
CB5.2,Middle Bay,38.13705,-76.22787,1993-12-06,1993,12,Winter,10.4,15.88,0.5,AP,0.0,0.0
CB5.2,Middle Bay,38.13705,-76.22787,1994-02-07,1994,2,Winter,1.0,14.26,0.5,AP,15344.0,184128.0
CB5.2,Middle Bay,38.13705,-76.22787,1994-03-07,1994,3,Spring,3.1,13.46,0.5,AP,0.0,68990.0
CB5.2,Middle Bay,38.13705,-76.22787,1994-04-04,1994,4,Spring,8.9,7.56,0.5,AP,0.0,26685.0
CB5.2,Middle Bay,38.13705,-76.22787,1994-04-18,1994,4,Spring,13.3,5.69,0.5,AP,0.0,38360.0
CB5.2,Middle Bay,38.13705,-76.22787,1994-05-02,1994,5,Spring,14.8,5.88,0.5,AP,0.0,76720.0
CB5.2,Middle Bay,38.13705,-76.22787,1994-05-25,1994,5,Spring,17.9,7.49,0.5,AP,0.0,431550.0
CB5.2,Middle Bay,38.13705,-76.22787,1994-06-13,1994,6,Summer,22.6,9.53,0.5,AP,0.0,22997.0
CB5.2,Middle Bay,38.13705,-76.22787,1994-06-27,1994,6,Summer,26.1,10.37,0.5,AP,0.0,10124.0
CB5.2,Middle Bay,38.13705,-76.22787,1994-07-11,1994,7,Summer,27.6,10.24,0.5,AP,0.0,0.0
CB5.2,Middle Bay,38.13705,-76.22787,1994-07-25,1994,7,Summer,28.0,11.93,0.5,AP,0.0,460320.0
CB5.2,Middle Bay,38.13705,-76.22787,1994-08-15,1994,8,Summer,26.1,11.87,0.5,AP,38360.0,0.0
CB5.2,Middle Bay,38.13705,-76.22787,1994-08-29,1994,8,Summer,25.6,11.54,0.5,AP,0.0,38360.0
CB5.2,Middle Bay,38.13705,-76.22787,1994-09-12,1994,9,Fall,23.0,10.82,0.5,AP,0.0,0.0
CB5.2,Middle Bay,38.13705,-76.22787,1994-09-26,1994,9,Fall,22.7,13.86,0.5,AP,0.0,0.0
CB5.2,Middle Bay,38.13705,-76.22787,1994-10-11,1994,10,Fall,18.9,15.68,0.5,AP,0.0,61376.0
CB5.2,Middle Bay,38.13705,-76.22787,1994-11-14,1994,11,Fall,14.6,17.38,0.5,AP,0.0,0.0
CB5.2,Middle Bay,38.13705,-76.22787,1994-12-12,1994,12,Winter,10.1,16.9,0.5,AP,0.0,0.0
CB5.2,Middle Bay,38.13705,-76.22787,1995-01-09,1995,1,Winter,5.7,16.97,0.5,AP,0.0,436937.0
CB5.2,Middle Bay,38.13705,-76.22787,1995-02-13,1995,2,Winter,2.2,15.34,0.5,AP,0.0,61376.0
CB5.2,Middle Bay,38.13705,-76.22787,1995-03-20,1995,3,Spring,7.9,14.4,0.5,AP,0.0,17247.0
CB5.2,Middle Bay,38.13705,-76.22787,1995-04-10,1995,4,Spring,10.6,15.14,0.5,AP,0.0,191800.0
CB5.2,Middle Bay,38.13705,-76.22787,1995-04-24,1995,4,Spring,12.9,15.61,0.5,AP,0.0,0.0
CB5.2,Middle Bay,38.13705,-76.22787,1995-05-08,1995,5,Spring,14.7,14.87,0.5,AP,0.0,102293.0
CB5.2,Middle Bay,38.13705,-76.22787,1995-05-22,1995,5,Spring,19.3,14.4,0.5,AP,0.0,164680.0
CB5.2,Middle Bay,38.13705,-76.22787,1995-06-05,1995,6,Summer,22.8,14.93,0.5,AP,0.0,0.0
CB5.2,Middle Bay,38.13705,-76.22787,1995-06-19,1995,6,Summer,23.7,14.87,0.5,AP,0.0,36447.0
CB5.2,Middle Bay,38.13705,-76.22787,1995-07-10,1995,7,Summer,25.6,15.2,0.5,AP,8678.0,350720.0
CB5.2,Middle Bay,38.13705,-76.22787,1995-07-24,1995,7,Summer,29.7,15.34,0.5,AP,0.0,398944.0
CB5.2,Middle Bay,38.13705,-76.22787,1995-08-07,1995,8,Summer,28.0,16.15,0.5,AP,0.0,51742.0
CB5.2,Middle Bay,38.13705,-76.22787,1995-08-21,1995,8,Summer,26.7,15.95,0.5,AP,0.0,12149.0
CB5.2,Middle Bay,38.13705,-76.22787,1995-09-05,1995,9,Fall,25.7,17.18,0.5,AP,0.0,25573.0
CB5.2,Middle Bay,38.13705,-76.22787,1995-09-18,1995,9,Fall,23.8,18.97,0.5,AP,0.0,41170.0
CB5.2,Middle Bay,38.13705,-76.22787,1995-10-02,1995,10,Fall,21.4,19.11,0.5,AP,0.0,26034.0
CB5.2,Middle Bay,38.13705,-76.22787,1995-11-13,1995,11,Fall,13.2,20.15,0.5,AP,0.0,0.0
CB5.2,Middle Bay,38.13705,-76.22787,1995-12-13,1995,12,Winter,5.4,16.77,0.5,AP,21920.0,197280.0
CB5.2,Middle Bay,38.13705,-76.22787,1998-03-23,1998,3,Spring,6.6,9.52594,0.5,AP,0.0,0.0
CB5.2,Middle Bay,38.13705,-76.22787,1998-04-06,1998,4,Spring,10.7,9.71905,0.5,AP,0.0,82788.0
CB5.2,Middle Bay,38.13705,-76.22787,1998-04-20,1998,4,Spring,14.2,8.24911,0.5,AP,0.0,498680.0
CB5.2,Middle Bay,38.13705,-76.22787,1998-05-04,1998,5,Spring,16.4,7.93288,0.5,AP,0.0,1626464.0
CB5.2,Middle Bay,38.13705,-76.22787,1998-05-18,1998,5,Spring,18.6,5.87814,0.5,AP,0.0,613760.0
CB5.2,Middle Bay,38.13705,-76.22787,1998-06-01,1998,6,Summer,22.6,7.49225,0.5,AP,0.0,204587.0
CB5.2,Middle Bay,38.13705,-76.22787,1998-07-06,1998,7,Summer,25.5,10.36558,0.5,AP,0.0,55192.0
CB5.2,Middle Bay,38.13705,-76.22787,1998-07-20,1998,7,Summer,26.9,11.27783,0.5,AP,0.0,220768.0
CB5.2,Middle Bay,38.13705,-76.22787,1998-08-03,1998,8,Summer,26.1,12.59461,0.5,AP,0.0,0.0
CB5.2,Middle Bay,38.13705,-76.22787,1998-08-17,1998,8,Summer,27.4,12.39612,0.5,AP,0.0,0.0
CB5.2,Middle Bay,38.13705,-76.22787,1998-09-01,1998,9,Fall,26.9,13.99326,0.5,AP,0.0,38360.0
CB5.2,Middle Bay,38.13705,-76.22787,1998-10-13,1998,10,Fall,20.5,17.10872,0.5,AP,0.0,0.0
CB5.2,Middle Bay,38.13705,-76.22787,1998-12-15,1998,12,Winter,10.8,18.89798,0.5,AP,0.0,0.0
CB5.2,Middle Bay,38.13705,-76.22787,1999-03-16,1999,3,Spring,4.3,15.94954,0.5,AP,0.0,0.0
CB5.2,Middle Bay,38.13705,-76.22787,1999-04-26,1999,4,Spring,13.6,13.13,0.5,AP,0.0,20248.0
CB5.2,Middle Bay,38.13705,-76.22787,1999-05-10,1999,5,Spring,17.4,12.26,0.5,AP,0.0,131744.0
CB5.2,Middle Bay,38.13705,-76.22787,1999-05-24,1999,5,Spring,19.8,12.93,0.5,AP,0.0,76720.0
CB5.2,Middle Bay,38.13705,-76.22787,1999-06-07,1999,6,Summer,23.1,14.26,0.5,AP,0.0,13798.0
CB5.2,Middle Bay,38.13705,-76.22787,1999-07-06,1999,7,Summer,29.4,15.47,0.5,AP,0.0,0.0
CB5.2,Middle Bay,38.13705,-76.22787,1999-07-19,1999,7,Summer,26.9,16.36,0.5,AP,0.0,0.0
CB5.2,Middle Bay,38.13705,-76.22787,1999-08-03,1999,8,Summer,27.3,17.18,0.5,AP,30688.0,0.0
CB5.2,Middle Bay,38.13705,-76.22787,1999-08-16,1999,8,Summer,27.7,17.86,0.5,AP,0.0,31967.0
CB5.2,Middle Bay,38.13705,-76.22787,1999-09-20,1999,9,Fall,22.8,17.93,0.5,AP,0.0,34495.0
CB5.2,Middle Bay,38.13705,-76.22787,1999-10-04,1999,10,Fall,21.1,18.41,0.5,AP,0.0,15186.0
CB5.2,Middle Bay,38.13705,-76.22787,1999-12-06,1999,12,Winter,10.2,17.11,0.5,AP,0.0,12149.0
CB5.2,Middle Bay,38.13705,-76.22787,2000-01-18,2000,1,Winter,5.3,18.21,0.5,AP,0.0,54893.0
CB5.2,Middle Bay,38.13705,-76.22787,2000-03-13,2000,3,Spring,8.6,14.4,0.5,AP,0.0,905740.0
CB5.2,Middle Bay,38.13705,-76.22787,2000-04-10,2000,4,Spring,11.3,14.4,0.5,AP,0.0,741060.0
CB5.2,Middle Bay,38.13705,-76.22787,2000-04-24,2000,4,Spring,12.5,11.47,0.5,AP,0.0,164680.0
CB5.2,Middle Bay,38.13705,-76.22787,2000-05-08,2000,5,Spring,19.0,10.95,0.5,AP,0.0,1235100.0
CB5.2,Middle Bay,38.13705,-76.22787,2000-05-23,2000,5,Spring,19.3,11.87,0.5,AP,0.0,164680.0
CB5.2,Middle Bay,38.13705,-76.22787,2000-06-12,2000,6,Summer,24.0,11.34,0.5,AP,0.0,82340.0
CB5.2,Middle Bay,38.13705,-76.22787,2000-07-10,2000,7,Summer,26.1,12.0,0.5,AP,0.0,76720.0
CB5.2,Middle Bay,38.13705,-76.22787,2000-07-24,2000,7,Summer,25.0,12.07,0.5,AP,0.0,82340.0
CB5.2,Middle Bay,38.13705,-76.22787,2000-08-07,2000,8,Summer,26.5,13.06,0.5,AP,0.0,30372.0
CB5.2,Middle Bay,38.13705,-76.22787,2000-08-21,2000,8,Summer,25.1,13.33,0.5,AP,0.0,0.0
CB5.2,Middle Bay,38.13705,-76.22787,2000-09-11,2000,9,Fall,24.8,14.53,0.5,AP,0.0,0.0
CB5.2,Middle Bay,38.13705,-76.22787,2000-10-10,2000,10,Fall,18.1,16.29,0.5,AP,30372.0,122752.0
CB5.2,Middle Bay,38.13705,-76.22787,2000-12-11,2000,12,Winter,,21.76,0.5,AP,131744.0,21957.0
CB5.2,Middle Bay,38.13705,-76.22787,2001-01-09,2001,1,Winter,1.3,18.28,0.5,AP,0.0,0.0
CB5.2,Middle Bay,38.13705,-76.22787,2001-03-19,2001,3,Spring,6.3,16.49,0.5,AP,0.0,30372.0
CB5.2,Middle Bay,38.13705,-76.22787,2001-04-02,2001,4,Spring,7.3,16.7,0.5,AP,0.0,0.0
CB5.2,Middle Bay,38.13705,-76.22787,2001-04-16,2001,4,Spring,12.7,14.73,0.5,AP,0.0,219200.0
CB5.2,Middle Bay,38.13705,-76.22787,2001-05-07,2001,5,Spring,17.0,14.4,0.5,AP,0.0,115080.0
CB5.2,Middle Bay,38.13705,-76.22787,2001-05-29,2001,5,Spring,19.5,13.79,0.5,AP,0.0,0.0
CB5.2,Middle Bay,38.13705,-76.22787,2001-06-11,2001,6,Summer,23.7,13.33,0.5,AP,0.0,153440.0
CB5.2,Middle Bay,38.13705,-76.22787,2001-07-09,2001,7,Summer,25.8,14.93,0.5,AP,0.0,43840.0
CB5.2,Middle Bay,38.13705,-76.22787,2001-07-23,2001,7,Summer,27.4,14.8,0.5,AP,0.0,153440.0
CB5.2,Middle Bay,38.13705,-76.22787,2001-08-13,2001,8,Summer,27.5,15.41,0.5,AP,0.0,0.0
CB5.2,Middle Bay,38.13705,-76.22787,2001-08-27,2001,8,Summer,26.5,15.75,0.5,AP,0.0,0.0
CB5.2,Middle Bay,38.13705,-76.22787,2001-09-10,2001,9,Fall,26.1,16.15,0.5,AP,0.0,38360.0
CB5.2,Middle Bay,38.13705,-76.22787,2001-10-15,2001,10,Fall,18.7,18.69,0.5,AP,0.0,0.0
CB5.2,Middle Bay,38.13705,-76.22787,2001-12-10,2001,12,Winter,12.2,20.15,0.5,AP,0.0,13141.0
CB5.2,Middle Bay,38.13705,-76.22787,2002-01-08,2002,1,Winter,5.2,20.64,0.5,AP,42328.0,42328.0
CB5.2,Middle Bay,38.13705,-76.22787,2002-03-11,2002,3,Spring,7.1,19.11,0.5,AP,0.0,0.0
CB5.2,Middle Bay,38.13705,-76.22787,2002-04-08,2002,4,Spring,10.2,17.31,0.5,AP,0.0,51147.0
CB5.2,Middle Bay,38.13705,-76.22787,2002-04-22,2002,4,Spring,15.8,16.77,0.5,AP,0.0,30372.0
CB5.2,Middle Bay,38.13705,-76.22787,2002-05-06,2002,5,Spring,16.0,15.27,0.5,AP,0.0,0.0
CB5.2,Middle Bay,38.13705,-76.22787,2002-05-20,2002,5,Spring,17.7,15.88,0.5,AP,0.0,20248.0
CB5.2,Middle Bay,38.13705,-76.22787,2002-06-17,2002,6,Summer,23.6,12.13,0.5,AP,0.0,15186.0
CB5.2,Middle Bay,38.13705,-76.22787,2002-07-15,2002,7,Summer,25.7,14.46,0.5,AP,0.0,30372.0
CB5.2,Middle Bay,38.13705,-76.22787,2002-07-29,2002,7,Summer,27.4,15.81,0.5,AP,0.0,0.0
CB5.2,Middle Bay,38.13705,-76.22787,2002-08-12,2002,8,Summer,26.8,17.18,0.5,AP,0.0,60745.0
CB5.2,Middle Bay,38.13705,-76.22787,2002-08-26,2002,8,Summer,27.6,18.0,0.5,AP,0.0,0.0
CB5.2,Middle Bay,38.13705,-76.22787,2002-09-16,2002,9,Fall,24.3,18.76,0.5,AP,0.0,6075.0
CB5.2,Middle Bay,38.13705,-76.22787,2002-10-15,2002,10,Fall,21.0,20.5,0.5,AP,0.0,0.0
CB5.2,Middle Bay,38.13705,-76.22787,2002-12-10,2002,12,Winter,6.2,19.52,0.5,AP,76720.0,76720.0
CB5.2,Middle Bay,38.13705,-76.22787,2003-03-10,2003,3,Spring,2.6,15.41,0.5,AP,0.0,82340.0
CB5.2,Middle Bay,38.13705,-76.22787,2003-04-08,2003,4,Spring,8.6,10.43,0.5,AP,0.0,242980.0
CB5.2,Middle Bay,38.13705,-76.22787,2003-04-21,2003,4,Spring,10.9,10.17,0.5,AP,0.0,613760.0
CB5.2,Middle Bay,38.13705,-76.22787,2003-05-05,2003,5,Spring,14.8,9.85,0.5,AP,0.0,151862.0
CB5.2,Middle Bay,38.13705,-76.22787,2003-05-19,2003,5,Spring,16.2,11.87,0.5,AP,0.0,2838640.0
CB5.2,Middle Bay,38.13705,-76.22787,2003-06-16,2003,6,Summer,24.2,11.41,0.5,AP,0.0,0.0
CB5.2,Middle Bay,38.13705,-76.22787,2003-07-07,2003,7,Summer,25.9,9.4,0.5,AP,0.0,91117.0
CB5.2,Middle Bay,38.13705,-76.22787,2003-07-21,2003,7,Summer,26.8,11.61,0.5,AP,0.0,0.0
CB5.2,Middle Bay,38.13705,-76.22787,2003-08-04,2003,8,Summer,26.5,11.74,0.5,AP,0.0,0.0
CB5.2,Middle Bay,38.13705,-76.22787,2003-08-18,2003,8,Summer,27.2,10.5,0.5,AP,0.0,0.0
CB5.2,Middle Bay,38.13705,-76.22787,2003-09-15,2003,9,Fall,24.6,11.41,0.5,AP,0.0,0.0
CB5.2,Middle Bay,38.13705,-76.22787,2003-10-06,2003,10,Fall,19.5,13.59,0.5,AP,0.0,0.0
CB5.2,Middle Bay,38.13705,-76.22787,2003-12-16,2003,12,Winter,6.2,9.08,0.5,AP,153440.0,122752.0
CB5.2,Middle Bay,38.13705,-76.22787,2004-03-15,2004,3,Spring,6.7,12.0,0.5,AP,36447.0,0.0
CB5.2,Middle Bay,38.13705,-76.22787,2004-04-12,2004,4,Spring,8.8,10.69,0.5,AP,36447.0,0.0
CB5.2,Middle Bay,38.13705,-76.22787,2004-04-26,2004,4,Spring,14.4,11.47,0.5,AP,54800.0,109600.0
CB5.2,Middle Bay,38.13705,-76.22787,2004-05-10,2004,5,Spring,17.5,11.08,0.5,AP,0.0,491008.0
CB5.2,Middle Bay,38.13705,-76.22787,2004-05-24,2004,5,Spring,24.1,10.11,0.5,AP,0.0,45559.0
CB5.2,Middle Bay,38.13705,-76.22787,2004-06-07,2004,6,Summer,22.0,10.3,0.5,AP,0.0,45559.0
CB5.2,Middle Bay,38.13705,-76.22787,2004-07-06,2004,7,Summer,26.7,12.13,0.5,AP,0.0,0.0
CB5.2,Middle Bay,38.13705,-76.22787,2004-07-19,2004,7,Summer,26.5,12.4,0.5,AP,0.0,61376.0
CB5.2,Middle Bay,38.13705,-76.22787,2004-08-09,2004,8,Summer,26.1,11.28,0.5,AP,76720.0,0.0
CB5.2,Middle Bay,38.13705,-76.22787,2004-08-23,2004,8,Summer,25.8,12.59,0.5,AP,0.0,0.0
CB5.2,Middle Bay,38.13705,-76.22787,2004-09-20,2004,9,Fall,23.2,12.0,0.5,AP,0.0,0.0
CB5.2,Middle Bay,38.13705,-76.22787,2004-10-13,2004,10,Fall,19.4,9.65,0.5,AP,0.0,0.0
CB5.2,Middle Bay,38.13705,-76.22787,2004-12-06,2004,12,Winter,10.6,13.66,0.5,AP,306880.0,30372.0
CB5.2,Middle Bay,38.13705,-76.22787,2005-03-14,2005,3,Spring,4.0,12.66,0.5,AP,30372.0,880802.0
CB5.2,Middle Bay,38.13705,-76.22787,2005-04-04,2005,4,Spring,8.0,9.78,0.5,AP,1500.0,425215.0
CB5.2,Middle Bay,38.13705,-76.22787,2005-04-18,2005,4,Spring,11.6,5.21,0.5,AP,200.0,583152.0
CB5.2,Middle Bay,38.13705,-76.22787,2005-05-10,2005,5,Spring,14.5,9.59,0.5,AP,0.0,197421.0
CB5.2,Middle Bay,38.13705,-76.22787,2005-05-24,2005,5,Spring,16.7,10.69,0.5,AP,0.0,704642.0
CB5.2,Middle Bay,38.13705,-76.22787,2005-06-13,2005,6,Summer,24.3,11.08,0.5,AP,0.0,24298.0
CB5.2,Middle Bay,38.13705,-76.22787,2005-07-11,2005,7,Summer,26.8,12.59,0.5,AP,0.0,121490.0
CB5.2,Middle Bay,38.13705,-76.22787,2005-07-25,2005,7,Summer,27.8,13.33,0.5,AP,0.0,1000.0
CB5.2,Middle Bay,38.13705,-76.22787,2005-08-08,2005,8,Summer,28.9,13.66,0.5,AP,0.0,500.0
CB5.2,Middle Bay,38.13705,-76.22787,2005-08-23,2005,8,Summer,28.1,14.73,0.5,AP,0.0,0.0
CB5.2,Middle Bay,38.13705,-76.22787,2005-09-12,2005,9,Fall,25.9,16.02,0.5,AP,0.0,0.0
CB5.2,Middle Bay,38.13705,-76.22787,2005-10-26,2005,10,Fall,17.3,16.84,0.5,AP,0.0,400.0
CB5.2,Middle Bay,38.13705,-76.22787,2005-12-12,2005,12,Winter,6.2,13.33,0.5,AP,60745.0,303725.0
CB5.2,Middle Bay,38.13705,-76.22787,2006-03-06,2006,3,Spring,4.6,11.47,0.5,AP,2000.0,182235.0
CB5.2,Middle Bay,38.13705,-76.22787,2006-04-03,2006,4,Spring,10.2,12.13,0.5,AP,0.0,2750.0
CB5.2,Middle Bay,38.13705,-76.22787,2006-04-18,2006,4,Spring,12.4,13.26,0.5,AP,0.0,147261.0
CB5.2,Middle Bay,38.13705,-76.22787,2006-05-08,2006,5,Spring,16.2,12.66,0.5,AP,0.0,91117.0
CB5.2,Middle Bay,38.13705,-76.22787,2006-05-22,2006,5,Spring,18.0,13.79,0.5,AP,0.0,121490.0
CB5.2,Middle Bay,38.13705,-76.22787,2006-06-19,2006,6,Summer,22.9,15.2,0.5,AP,0.0,3250.0
CB5.2,Middle Bay,38.13705,-76.22787,2006-07-11,2006,7,Summer,26.1,11.8,0.5,AP,200.0,0.0
CB5.2,Middle Bay,38.13705,-76.22787,2006-07-25,2006,7,Summer,27.6,12.2,0.5,AP,0.0,55223.0
CB5.2,Middle Bay,38.13705,-76.22787,2006-08-14,2006,8,Summer,26.8,12.79,0.5,AP,0.0,30372.0
CB5.2,Middle Bay,38.13705,-76.22787,2006-08-28,2006,8,Summer,27.2,14.87,0.5,AP,0.0,45559.0
CB5.2,Middle Bay,38.13705,-76.22787,2006-09-18,2006,9,Fall,23.4,13.99,0.5,AP,0.0,48596.0
CB5.2,Middle Bay,38.13705,-76.22787,2006-10-16,2006,10,Fall,18.5,15.0,0.5,AP,143.0,69423.0
CB5.2,Middle Bay,38.13705,-76.22787,2006-12-11,2006,12,Winter,8.3,12.59,0.5,AP,212607.0,121490.0
CB5.2,Middle Bay,38.13705,-76.22787,2007-03-12,2007,3,Spring,4.9,12.99,0.5,AP,500.0,607450.0
CB5.2,Middle Bay,38.13705,-76.22787,2007-04-09,2007,4,Spring,9.1,9.08,0.5,AP,0.0,273352.0
CB5.2,Middle Bay,38.13705,-76.22787,2007-04-23,2007,4,Spring,12.1,10.11,0.5,AP,1000.0,242980.0
CB5.2,Middle Bay,38.13705,-76.22787,2007-05-08,2007,5,Spring,14.0,10.76,0.5,AP,0.0,331152.0
CB5.2,Middle Bay,38.13705,-76.22787,2007-05-21,2007,5,Spring,17.7,10.76,0.5,AP,0.0,850430.0
CB5.2,Middle Bay,38.13705,-76.22787,2007-06-18,2007,6,Summer,24.5,12.0,0.5,AP,0.0,400.0
CB5.2,Middle Bay,38.13705,-76.22787,2007-07-09,2007,7,Summer,27.0,13.86,0.5,AP,0.0,1750.0
CB5.2,Middle Bay,38.13705,-76.22787,2007-07-23,2007,7,Summer,25.7,15.27,0.5,AP,0.0,3000.0
CB5.2,Middle Bay,38.13705,-76.22787,2007-08-06,2007,8,Summer,27.9,15.47,0.5,AP,250.0,6250.0
CB5.2,Middle Bay,38.13705,-76.22787,2007-08-20,2007,8,Summer,26.5,16.29,0.5,AP,0.0,0.0
CB5.2,Middle Bay,38.13705,-76.22787,2007-09-17,2007,9,Fall,24.4,18.0,0.5,AP,0.0,6394.0
CB5.2,Middle Bay,38.13705,-76.22787,2007-10-15,2007,10,Fall,21.9,18.83,0.5,AP,0.0,5500.0
CB5.2,Middle Bay,38.13705,-76.22787,2007-12-10,2007,12,Winter,8.4,18.83,0.5,AP,250.0,212607.0
CB5.2,Middle Bay,38.13705,-76.22787,2008-03-18,2008,3,Spring,7.8,8.12,0.5,AP,7000.0,253104.0
CB5.2,Middle Bay,38.13705,-76.22787,2008-04-14,2008,4,Spring,11.3,9.33,0.5,AP,0.0,668195.0
CB5.2,Middle Bay,38.13705,-76.22787,2008-04-28,2008,4,Spring,15.2,9.91,0.5,AP,0.0,941547.0
CB5.2,Middle Bay,38.13705,-76.22787,2008-05-14,2008,5,Spring,16.8,11.34,0.5,AP,0.0,1245272.0
CB5.2,Middle Bay,38.13705,-76.22787,2008-05-27,2008,5,Spring,18.8,10.24,0.5,AP,600.0,48596.0
CB5.2,Middle Bay,38.13705,-76.22787,2008-06-23,2008,6,Summer,24.7,11.08,0.5,AP,182235.0,0.0
CB5.2,Middle Bay,38.13705,-76.22787,2008-07-07,2008,7,Summer,26.5,11.74,0.5,AP,0.0,97192.0
CB5.2,Middle Bay,38.13705,-76.22787,2008-07-21,2008,7,Summer,28.0,12.53,0.5,AP,0.0,30372.0
CB5.2,Middle Bay,38.13705,-76.22787,2008-08-11,2008,8,Summer,26.7,13.06,0.5,AP,0.0,2500.0
CB5.2,Middle Bay,38.13705,-76.22787,2008-08-25,2008,8,Summer,25.9,15.07,0.5,AP,0.0,48596.0
CB5.2,Middle Bay,38.13705,-76.22787,2008-09-16,2008,9,Fall,25.0,16.84,0.5,AP,0.0,0.0
CB5.2,Middle Bay,38.13705,-76.22787,2008-10-20,2008,10,Fall,18.5,18.48,0.5,AP,0.0,36447.0
CB5.2,Middle Bay,38.13705,-76.22787,2008-12-16,2008,12,Winter,7.1,19.45,0.5,AP,800.0,48596.0
CB5.2,Middle Bay,38.13705,-76.22787,2009-03-16,2009,3,Spring,5.3,15.34,0.5,AP,2400.0,24298.0
CB5.2,Middle Bay,38.13705,-76.22787,2009-04-13,2009,4,Spring,10.7,15.14,0.5,AP,0.0,826132.0
CB5.2,Middle Bay,38.13705,-76.22787,2009-04-27,2009,4,Spring,15.8,13.46,0.5,AP,0.0,48596.0
CB5.2,Middle Bay,38.13705,-76.22787,2009-05-11,2009,5,Spring,17.1,13.73,0.5,AP,750.0,880802.0
CB5.2,Middle Bay,38.13705,-76.22787,2009-05-27,2009,5,Spring,19.9,14.26,0.5,AP,0.0,242980.0
CB5.2,Middle Bay,38.13705,-76.22787,2009-06-15,2009,6,Summer,24.1,12.59,0.5,AP,1250.0,91117.0
CB5.2,Middle Bay,38.13705,-76.22787,2009-07-13,2009,7,Summer,25.5,13.46,0.5,AP,20248.0,0.0
CB5.2,Middle Bay,38.13705,-76.22787,2009-07-27,2009,7,Summer,26.4,15.07,0.5,AP,167.0,1333.0
CB5.2,Middle Bay,38.13705,-76.22787,2009-08-10,2009,8,Summer,27.5,14.4,0.5,AP,0.0,34711.0
CB5.2,Middle Bay,38.13705,-76.22787,2009-08-24,2009,8,Summer,28.2,13.93,0.5,AP,0.0,800.0
CB5.2,Middle Bay,38.13705,-76.22787,2009-09-14,2009,9,Fall,23.1,13.79,0.5,AP,0.0,36815.0
CB5.2,Middle Bay,38.13705,-76.22787,2010-03-15,2010,3,Spring,5.8,13.33,0.5,AP,1000.0,0.0
CB5.2,Middle Bay,38.13705,-76.22787,2010-04-12,2010,4,Spring,13.9,11.34,0.5,AP,0.0,340172.0
CB5.2,Middle Bay,38.13705,-76.22787,2010-05-10,2010,5,Spring,16.7,12.07,0.5,AP,0.0,108932.0
CB5.2,Middle Bay,38.13705,-76.22787,2010-08-02,2010,8,Summer,27.5,15.75,0.5,AP,0.0,1200.0
CB5.2,Middle Bay,38.13705,-76.22787,2010-08-23,2010,8,Summer,27.4,15.68,0.5,AP,0.0,500.0
CB5.2,Middle Bay,38.13705,-76.22787,2010-09-21,2010,9,Fall,23.4,18.28,0.5,AP,0.0,1200.0
CB5.2,Middle Bay,38.13705,-76.22787,2011-03-14,2011,3,Spring,6.1,13.33,0.5,AP,0.0,161987.0
CB5.2,Middle Bay,38.13705,-76.22787,2011-04-11,2011,4,Spring,9.9,10.11,0.5,AP,2400.0,461662.0
CB5.2,Middle Bay,38.13705,-76.22787,2011-05-09,2011,5,Spring,16.8,6.06,0.5,AP,400.0,2867160.0
CB5.2,Middle Bay,38.13705,-76.22787,2011-07-11,2011,7,Summer,26.8,10.04,0.5,AP,0.0,20906.1
CB5.2,Middle Bay,38.13705,-76.22787,2011-08-08,2011,8,Summer,28.2,12.79,0.5,AP,0.0,97192.0
CB5.2,Middle Bay,38.13705,-76.22787,2011-09-19,2011,9,Fall,22.6,11.67,0.5,AP,0.0,5000.0
CB5.2,Middle Bay,38.13705,-76.22787,2016-05-09,2016,5,Spring,15.0,0.81,0.5,AP,0.0,30600.0
CB5.2,Middle Bay,38.13705,-76.22787,2016-06-06,2016,6,Summer,24.1,14.06,0.5,AP,0.0,41000.0
CB5.2,Middle Bay,38.13705,-76.22787,2016-07-11,2016,7,Summer,27.2,15.54,0.5,AP,0.0,14000.0
CB5.2,Middle Bay,38.13705,-76.22787,2016-08-08,2016,8,Summer,29.1,16.49,0.5,AP,0.0,0.0
CB5.2,Middle Bay,38.13705,-76.22787,2016-09-19,2016,9,Fall,25.2,18.35,0.5,AP,0.0,61600.0
CB5.2,Middle Bay,38.13705,-76.22787,2016-10-17,2016,10,Fall,20.0,18.0,0.5,AP,0.0,42000.0
CB5.2,Middle Bay,38.13705,-76.22787,2016-11-14,2016,11,Fall,14.1,18.97,0.5,AP,0.0,70000.0
CB5.2,Middle Bay,38.13705,-76.22787,2016-12-12,2016,12,Winter,8.5,19.87,1.0,AP,0.0,14000.0
CB5.2,Middle Bay,38.13705,-76.22787,2017-02-14,2017,2,Winter,5.3,17.93,0.5,AP,8700.0,134500.0
CB5.2,Middle Bay,38.13705,-76.22787,2017-04-11,2017,4,Spring,11.9,13.26,0.5,AP,13100.0,59700.0
CB5.2,Middle Bay,38.13705,-76.22787,2017-05-09,2017,5,Spring,16.7,12.46,0.5,AP,0.0,159400.0
CB5.2,Middle Bay,38.13705,-76.22787,2017-06-06,2017,6,Summer,22.2,10.69,0.5,AP,0.0,191300.0
CB5.2,Middle Bay,38.13705,-76.22787,2017-06-26,2017,6,Summer,26.8,12.53,0.5,S,0.0,0.0
CB5.2,Middle Bay,38.13705,-76.22787,2017-07-10,2017,7,Summer,26.7,12.79,0.5,AP,0.0,1000.0
CB5.2,Middle Bay,38.13705,-76.22787,2017-08-08,2017,8,Summer,26.0,13.39,0.5,AP,0.0,59700.0
CB5.2,Middle Bay,38.13705,-76.22787,2017-11-13,2017,11,Fall,14.6,18.07,0.5,AP,0.0,0.0
CB5.2,Middle Bay,38.13705,-76.22787,2017-12-11,2017,12,Winter,9.2,17.31,0.5,AP,47800.0,358700.0
CB5.2,Middle Bay,38.13705,-76.22787,2018-02-13,2018,2,Winter,2.8,17.11,0.5,AP,11600.0,398600.0
CB5.2,Middle Bay,38.13705,-76.22787,2018-03-27,2018,3,Spring,5.7,13.79,0.5,AP,1600.0,630000.0
CB5.2,Middle Bay,38.13705,-76.22787,2018-04-23,2018,4,Spring,12.0,14.53,0.5,AP,44800.0,582900.0
CB5.2,Middle Bay,38.13705,-76.22787,2018-05-14,2018,5,Spring,19.6,11.87,0.5,AP,8700.0,119500.0
CB5.2,Middle Bay,38.13705,-76.22787,2018-06-04,2018,6,Summer,22.5,10.69,0.5,AP,0.0,22075.2
CB5.2,Middle Bay,38.13705,-76.22787,2018-07-09,2018,7,Summer,26.4,11.8,0.5,AP,0.0,0.0
CB5.2,Middle Bay,38.13705,-76.22787,2018-08-06,2018,8,Summer,28.4,10.5,0.5,AP,0.0,2400.0
CB5.2,Middle Bay,38.13705,-76.22787,2018-09-25,2018,9,Fall,24.7,10.43,0.5,AP,0.0,4800.0
CB5.2,Middle Bay,38.13705,-76.22787,2018-10-17,2018,10,Fall,22.2,10.17,0.5,AP,0.0,400.0
CB5.2,Middle Bay,38.13705,-76.22787,2018-11-19,2018,11,Fall,11.2,6.62,0.5,AP,0.0,248346.0
CB5.2,Middle Bay,38.13705,-76.22787,2018-12-11,2018,12,Winter,6.5,7.49,0.5,AP,0.0,198676.8
CB5.2,Middle Bay,38.13705,-76.22787,2019-01-16,2019,1,Winter,4.7,8.38,0.5,AP,27594.0,634661.99999
CB5.2,Middle Bay,38.13705,-76.22787,2019-02-11,2019,2,Winter,3.2,7.12,0.5,AP,17200.0,91980.0
CB5.2,Middle Bay,38.13705,-76.22787,2019-03-11,2019,3,Spring,5.0,8.82,0.5,AP,12400.0,263942.60869
CB5.2,Middle Bay,38.13705,-76.22787,2019-04-16,2019,4,Spring,12.6,8.63,0.5,AP,5200.0,993384.0
CB5.2,Middle Bay,38.13705,-76.22787,2019-05-20,2019,5,Spring,20.4,7.24,0.5,AP,0.0,0.0
CB5.2,Middle Bay,38.13705,-76.22787,2019-06-04,2019,6,Summer,23.9,6.93,0.5,AP,0.0,155216.25
CB5.2,Middle Bay,38.13705,-76.22787,2019-07-08,2019,7,Summer,27.5,8.89,0.5,AP,0.0,44150.4
CB5.2,Middle Bay,38.13705,-76.22787,2019-08-05,2019,8,Summer,28.9,11.34,0.5,AP,0.0,55188.0
CB5.2,Middle Bay,38.13705,-76.22787,2019-09-16,2019,9,Fall,26.1,14.46,0.5,AP,0.0,3600.0
CB5.2,Middle Bay,38.13705,-76.22787,2019-10-15,2019,10,Fall,20.5,16.09,0.5,AP,0.0,400.0
CB5.2,Middle Bay,38.13705,-76.22787,2019-11-14,2019,11,Fall,13.1,17.52,0.5,AP,0.0,0.0
CB5.2,Middle Bay,38.13705,-76.22787,2019-12-13,2019,12,Winter,7.9,17.45,0.5,AP,400.0,0.0
LE5.5,Lower Bay,36.99681,-76.303,1985-07-08,1985,7,Summer,26.2,24.55,1.0,AP,0.0,0.0
LE5.5,Lower Bay,36.99681,-76.303,1985-07-22,1985,7,Summer,27.1,23.27,1.0,AP,0.0,33178.0
LE5.5,Lower Bay,36.99681,-76.303,1985-08-06,1985,8,Summer,25.7,24.22,1.0,AP,0.0,1024.0
LE5.5,Lower Bay,36.99681,-76.303,1985-08-20,1985,8,Summer,27.5,23.68,1.0,AP,0.0,0.0
LE5.5,Lower Bay,36.99681,-76.303,1985-09-10,1985,9,Fall,30.3,22.43,1.0,AP,0.0,128.0
LE5.5,Lower Bay,36.99681,-76.303,1985-09-30,1985,9,Fall,23.2,20.55,1.0,AP,0.0,0.0
LE5.5,Lower Bay,36.99681,-76.303,1985-10-09,1985,10,Fall,22.0,21.72,1.0,AP,0.0,0.0
LE5.5,Lower Bay,36.99681,-76.303,1985-11-06,1985,11,Fall,15.9,18.73,1.0,AP,0.0,0.0
LE5.5,Lower Bay,36.99681,-76.303,1985-12-09,1985,12,Winter,9.5,17.46,1.0,AP,0.0,0.0
LE5.5,Lower Bay,36.99681,-76.303,1986-01-07,1986,1,Winter,3.6,19.8,1.0,AP,320.0,0.0
LE5.5,Lower Bay,36.99681,-76.303,1986-02-21,1986,2,Winter,5.9,13.49,1.0,AP,331725.0,512.0
LE5.5,Lower Bay,36.99681,-76.303,1986-03-10,1986,3,Spring,5.0,17.09,1.0,AP,180941.0,241254.0
LE5.5,Lower Bay,36.99681,-76.303,1986-03-25,1986,3,Spring,9.7,15.84,1.0,AP,1280.0,128.0
LE5.5,Lower Bay,36.99681,-76.303,1986-04-08,1986,4,Spring,13.6,18.5,1.0,AP,8192.0,215911.0
LE5.5,Lower Bay,36.99681,-76.303,1986-04-28,1986,4,Spring,14.4,19.7,1.0,AP,12160.0,114306.0
LE5.5,Lower Bay,36.99681,-76.303,1986-05-14,1986,5,Spring,15.7,22.3,1.0,AP,0.0,1536.0
LE5.5,Lower Bay,36.99681,-76.303,1986-05-26,1986,5,Spring,20.2,21.1,1.0,AP,0.0,33178.0
LE5.5,Lower Bay,36.99681,-76.303,1986-06-10,1986,6,Summer,23.1,21.4,1.0,AP,0.0,0.0
LE5.5,Lower Bay,36.99681,-76.303,1986-07-14,1986,7,Summer,27.9,27.82,1.0,AP,0.0,640.0
LE5.5,Lower Bay,36.99681,-76.303,1986-07-28,1986,7,Summer,28.1,23.0,1.0,AP,0.0,0.0
LE5.5,Lower Bay,36.99681,-76.303,1986-08-11,1986,8,Summer,26.7,24.6,1.0,AP,0.0,0.0
LE5.5,Lower Bay,36.99681,-76.303,1986-08-25,1986,8,Summer,25.6,24.1,1.0,AP,64.0,0.0
LE5.5,Lower Bay,36.99681,-76.303,1986-09-09,1986,9,Fall,22.8,23.9,1.1,AP,0.0,288.0
LE5.5,Lower Bay,36.99681,-76.303,1986-09-23,1986,9,Fall,23.1,24.4,1.0,AP,0.0,0.0
LE5.5,Lower Bay,36.99681,-76.303,1986-10-08,1986,10,Fall,22.4,24.8,1.0,AP,0.0,0.0
LE5.5,Lower Bay,36.99681,-76.303,1986-10-28,1986,10,Fall,17.7,24.5,1.0,AP,32.0,4147.0
LE5.5,Lower Bay,36.99681,-76.303,1986-11-18,1986,11,Fall,12.9,24.3,1.0,AP,0.0,128.0
LE5.5,Lower Bay,36.99681,-76.303,1986-12-08,1986,12,Winter,9.7,23.6,1.0,AP,16.0,0.0
LE5.5,Lower Bay,36.99681,-76.303,1987-01-07,1987,1,Winter,5.9,18.9,1.0,AP,8160.0,384.0
LE5.5,Lower Bay,36.99681,-76.303,1987-02-25,1987,2,Winter,4.3,18.3,1.0,AP,120832.0,0.0
LE5.5,Lower Bay,36.99681,-76.303,1987-03-15,1987,3,Spring,5.4,15.6,1.0,AP,2176.0,512.0
LE5.5,Lower Bay,36.99681,-76.303,1987-03-23,1987,3,Spring,7.9,17.9,1.0,AP,0.0,2560.0
LE5.5,Lower Bay,36.99681,-76.303,1987-04-06,1987,4,Spring,9.6,16.5,1.0,AP,4736.0,2432.0
LE5.5,Lower Bay,36.99681,-76.303,1987-04-22,1987,4,Spring,16.0,6.8,1.0,AP,7552.0,768.0
LE5.5,Lower Bay,36.99681,-76.303,1987-05-06,1987,5,Spring,17.1,11.2,1.0,AP,31744.0,66355.0
LE5.5,Lower Bay,36.99681,-76.303,1987-05-18,1987,5,Spring,19.8,17.6,1.0,AP,384.0,66355.0
LE5.5,Lower Bay,36.99681,-76.303,1987-06-01,1987,6,Summer,22.0,17.24,1.0,AP,0.0,768.0
LE5.5,Lower Bay,36.99681,-76.303,1987-06-15,1987,6,Summer,23.8,21.4,1.0,AP,384.0,0.0
LE5.5,Lower Bay,36.99681,-76.303,1987-07-06,1987,7,Summer,24.8,24.3,1.0,AP,0.0,33178.0
LE5.5,Lower Bay,36.99681,-76.303,1987-07-20,1987,7,Summer,27.8,23.4,1.0,AP,0.0,16589.0
LE5.5,Lower Bay,36.99681,-76.303,1987-08-03,1987,8,Summer,28.4,24.5,1.0,AP,32.0,47397.0
LE5.5,Lower Bay,36.99681,-76.303,1987-08-17,1987,8,Summer,27.6,24.5,1.0,AP,0.0,3392.0
LE5.5,Lower Bay,36.99681,-76.303,1987-09-03,1987,9,Fall,25.5,24.4,1.0,AP,0.0,6144.0
LE5.5,Lower Bay,36.99681,-76.303,1987-09-14,1987,9,Fall,26.1,22.8,1.0,AP,0.0,128.0
LE5.5,Lower Bay,36.99681,-76.303,1987-10-05,1987,10,Fall,19.5,20.5,1.0,AP,0.0,192.0
LE5.5,Lower Bay,36.99681,-76.303,1987-11-16,1987,11,Fall,12.4,23.1,1.0,AP,128.0,640.0
LE5.5,Lower Bay,36.99681,-76.303,1987-12-14,1987,12,Winter,8.6,20.6,1.0,AP,1952.0,13837.0
LE5.5,Lower Bay,36.99681,-76.303,1988-01-12,1988,1,Winter,1.9,16.7,1.0,AP,47314.0,0.0
LE5.5,Lower Bay,36.99681,-76.303,1988-02-22,1988,2,Winter,5.8,19.4,1.0,AP,274432.0,27674.0
LE5.5,Lower Bay,36.99681,-76.303,1988-03-22,1988,3,Spring,7.3,19.4,1.0,AP,3328.0,6656.0
LE5.5,Lower Bay,36.99681,-76.303,1988-04-11,1988,4,Spring,13.6,20.6,1.0,AP,40320.0,13837.0
LE5.5,Lower Bay,36.99681,-76.303,1988-04-25,1988,4,Spring,13.5,20.8,1.0,AP,5760.0,15296.0
LE5.5,Lower Bay,36.99681,-76.303,1988-05-09,1988,5,Spring,16.0,19.4,1.0,AP,2048.0,4544.0
LE5.5,Lower Bay,36.99681,-76.303,1988-05-24,1988,5,Spring,23.0,16.5,1.0,AP,0.0,0.0
LE5.5,Lower Bay,36.99681,-76.303,1988-06-08,1988,6,Summer,20.8,19.8,1.0,AP,128.0,27674.0
LE5.5,Lower Bay,36.99681,-76.303,1988-06-20,1988,6,Summer,24.6,19.1,1.0,AP,0.0,8960.0
LE5.5,Lower Bay,36.99681,-76.303,1988-07-06,1988,7,Summer,24.7,21.8,1.0,AP,0.0,13837.0
LE5.5,Lower Bay,36.99681,-76.303,1988-07-18,1988,7,Summer,27.8,22.8,1.0,AP,0.0,5376.0
LE5.5,Lower Bay,36.99681,-76.303,1988-08-08,1988,8,Summer,29.6,23.5,1.0,AP,0.0,30464.0
LE5.5,Lower Bay,36.99681,-76.303,1988-08-23,1988,8,Summer,26.2,23.8,1.0,AP,0.0,192.0
LE5.5,Lower Bay,36.99681,-76.303,1988-09-09,1988,9,Fall,22.3,24.4,1.0,AP,0.0,64.0
LE5.5,Lower Bay,36.99681,-76.303,1988-09-19,1988,9,Fall,23.5,22.3,1.0,AP,0.0,830201.0
LE5.5,Lower Bay,36.99681,-76.303,1988-10-03,1988,10,Fall,22.2,24.6,1.0,AP,0.0,6176.0
LE5.5,Lower Bay,36.99681,-76.303,1988-10-24,1988,10,Fall,14.8,23.8,1.0,AP,0.0,13837.0
LE5.5,Lower Bay,36.99681,-76.303,1988-11-07,1988,11,Fall,13.3,24.2,1.0,AP,0.0,235256.0
LE5.5,Lower Bay,36.99681,-76.303,1988-12-05,1988,12,Winter,9.2,21.9,1.0,AP,384.0,640.0
LE5.5,Lower Bay,36.99681,-76.303,1989-01-16,1989,1,Winter,6.2,22.3,1.0,AP,24576.0,128.0
LE5.5,Lower Bay,36.99681,-76.303,1989-02-13,1989,2,Winter,5.2,21.1,1.0,AP,198720.0,2432.0
LE5.5,Lower Bay,36.99681,-76.303,1989-03-13,1989,3,Spring,4.6,18.0,1.0,AP,198656.0,256.0
LE5.5,Lower Bay,36.99681,-76.303,1989-04-03,1989,4,Spring,10.7,20.3,1.0,AP,6464.0,192.0
LE5.5,Lower Bay,36.99681,-76.303,1989-04-17,1989,4,Spring,14.3,15.5,1.0,AP,76416.0,4352.0
LE5.5,Lower Bay,36.99681,-76.303,1989-05-03,1989,5,Spring,17.2,18.3,1.0,AP,77056.0,82432.0
LE5.5,Lower Bay,36.99681,-76.303,1989-05-17,1989,5,Spring,16.8,15.9,1.0,AP,2432.0,27674.0
LE5.5,Lower Bay,36.99681,-76.303,1989-06-12,1989,6,Summer,23.5,20.2,1.0,AP,0.0,3392.0
LE5.5,Lower Bay,36.99681,-76.303,1989-06-27,1989,6,Summer,26.2,20.0,1.0,AP,0.0,27674.0
LE5.5,Lower Bay,36.99681,-76.303,1989-07-11,1989,7,Summer,27.7,19.2,1.0,AP,0.0,2880.0
LE5.5,Lower Bay,36.99681,-76.303,1989-07-24,1989,7,Summer,28.9,19.3,1.0,AP,0.0,41510.0
LE5.5,Lower Bay,36.99681,-76.303,1989-08-15,1989,8,Summer,25.3,16.4,1.0,AP,0.0,0.0
LE5.5,Lower Bay,36.99681,-76.303,1989-08-29,1989,8,Summer,26.1,17.4,1.0,AP,0.0,3776.0
LE5.5,Lower Bay,36.99681,-76.303,1989-09-11,1989,9,Fall,25.9,19.7,1.0,AP,0.0,12608.0
LE5.5,Lower Bay,36.99681,-76.303,1989-09-28,1989,9,Fall,21.1,14.3,1.0,AP,0.0,384.0
LE5.5,Lower Bay,36.99681,-76.303,1989-10-10,1989,10,Fall,18.2,14.1,1.0,AP,0.0,768.0
LE5.5,Lower Bay,36.99681,-76.303,1989-11-13,1989,11,Fall,15.9,18.5,1.0,AP,0.0,128.0
LE5.5,Lower Bay,36.99681,-76.303,1989-12-14,1989,12,Winter,4.6,18.3,1.0,AP,0.0,0.0
LE5.5,Lower Bay,36.99681,-76.303,1990-01-09,1990,1,Winter,3.6,18.1,1.0,AP,4736.0,0.0
LE5.5,Lower Bay,36.99681,-76.303,1990-02-06,1990,2,Winter,8.3,17.0,1.0,AP,9728.0,0.0
LE5.5,Lower Bay,36.99681,-76.303,1990-03-05,1990,3,Spring,7.5,18.9,1.0,AP,384192.0,32256.0
LE5.5,Lower Bay,36.99681,-76.303,1990-04-09,1990,4,Spring,12.8,14.4,1.0,AP,2112.0,11200.0
LE5.5,Lower Bay,36.99681,-76.303,1990-04-16,1990,4,Spring,13.9,17.4,1.0,AP,11392.0,1536.0
LE5.5,Lower Bay,36.99681,-76.303,1990-05-16,1990,5,Spring,19.8,21.1,1.0,AP,0.0,64.0
LE5.5,Lower Bay,36.99681,-76.303,1990-05-31,1990,5,Spring,19.3,16.3,1.0,AP,0.0,0.0
LE5.5,Lower Bay,36.99681,-76.303,1990-06-13,1990,6,Summer,22.8,18.6,1.0,AP,0.0,288.0
LE5.5,Lower Bay,36.99681,-76.303,1990-06-26,1990,6,Summer,25.3,19.7,1.0,AP,0.0,27674.0
LE5.5,Lower Bay,36.99681,-76.303,1990-07-17,1990,7,Summer,26.1,22.7,1.0,AP,0.0,960.0
LE5.5,Lower Bay,36.99681,-76.303,1990-07-30,1990,7,Summer,28.3,20.1,1.0,AP,0.0,1280.0
LE5.5,Lower Bay,36.99681,-76.303,1990-08-14,1990,8,Summer,27.5,21.2,1.0,AP,0.0,0.0
LE5.5,Lower Bay,36.99681,-76.303,1990-08-28,1990,8,Summer,28.2,19.7,1.0,AP,0.0,256.0
LE5.5,Lower Bay,36.99681,-76.303,1990-09-11,1990,9,Fall,25.8,20.4,1.0,AP,0.0,128.0
LE5.5,Lower Bay,36.99681,-76.303,1990-09-24,1990,9,Fall,21.2,21.1,1.0,AP,0.0,640.0
LE5.5,Lower Bay,36.99681,-76.303,1990-10-15,1990,10,Fall,23.9,22.5,1.0,AP,0.0,0.0
LE5.5,Lower Bay,36.99681,-76.303,1990-11-16,1990,11,Fall,12.9,19.6,1.0,AP,64.0,704.0
LE5.5,Lower Bay,36.99681,-76.303,1990-12-10,1990,12,Winter,9.3,19.6,1.0,AP,128.0,0.0
LE5.5,Lower Bay,36.99681,-76.303,1991-01-14,1991,1,Winter,7.3,12.3,1.0,AP,24320.0,9856.0
LE5.5,Lower Bay,36.99681,-76.303,1991-02-11,1991,2,Winter,7.5,18.0,1.0,AP,317952.0,132480.0
LE5.5,Lower Bay,36.99681,-76.303,1991-03-13,1991,3,Spring,8.1,17.3,1.0,AP,514837.0,113011.0
LE5.5,Lower Bay,36.99681,-76.303,1991-04-08,1991,4,Spring,15.2,13.3,1.0,AP,0.0,150682.0
LE5.5,Lower Bay,36.99681,-76.303,1991-05-08,1991,5,Spring,19.8,17.7,1.0,AP,384.0,147533.0
LE5.5,Lower Bay,36.99681,-76.303,1991-06-06,1991,6,Summer,23.5,20.3,1.0,AP,0.0,12557.0
LE5.5,Lower Bay,36.99681,-76.303,1991-07-09,1991,7,Summer,27.5,21.4,1.0,AP,0.0,256.0
LE5.5,Lower Bay,36.99681,-76.303,1991-08-06,1991,8,Summer,27.1,21.6,1.0,AP,0.0,0.0
LE5.5,Lower Bay,36.99681,-76.303,1991-09-04,1991,9,Fall,24.5,22.0,1.0,AP,0.0,0.0
LE5.5,Lower Bay,36.99681,-76.303,1991-10-21,1991,10,Fall,16.5,23.7,1.0,AP,0.0,0.0
LE5.5,Lower Bay,36.99681,-76.303,1991-11-07,1991,11,Fall,13.4,23.2,1.0,AP,0.0,64.0
LE5.5,Lower Bay,36.99681,-76.303,1991-12-09,1991,12,Winter,10.4,23.7,1.0,AP,0.0,0.0
LE5.5,Lower Bay,36.99681,-76.303,1992-01-21,1992,1,Winter,4.6,22.9,1.0,AP,0.0,8576.0
LE5.5,Lower Bay,36.99681,-76.303,1992-02-13,1992,2,Winter,4.4,21.5,1.0,AP,74736.0,512.0
LE5.5,Lower Bay,36.99681,-76.303,1992-03-10,1992,3,Spring,11.2,19.5,1.0,AP,74736.0,104630.0
LE5.5,Lower Bay,36.99681,-76.303,1992-04-14,1992,4,Spring,11.9,22.6,1.0,AP,26035.0,8679.0
LE5.5,Lower Bay,36.99681,-76.303,1992-05-11,1992,5,Spring,16.0,18.5,1.0,AP,19930.0,39859.0
LE5.5,Lower Bay,36.99681,-76.303,1992-06-10,1992,6,Summer,21.9,16.9,1.0,AP,29894.0,59789.0
LE5.5,Lower Bay,36.99681,-76.303,1992-07-06,1992,7,Summer,24.6,20.5,1.0,AP,0.0,29894.0
LE5.5,Lower Bay,36.99681,-76.303,1992-08-10,1992,8,Summer,24.8,23.3,1.0,AP,0.0,34714.0
LE5.5,Lower Bay,36.99681,-76.303,1992-09-08,1992,9,Fall,26.0,21.6,1.0,AP,0.0,64.0
LE5.5,Lower Bay,36.99681,-76.303,1992-11-18,1992,11,Fall,11.8,21.6,1.0,AP,0.0,0.0
LE5.5,Lower Bay,36.99681,-76.303,1992-12-15,1992,12,Winter,7.5,21.6,1.0,AP,40765.0,448.0
LE5.5,Lower Bay,36.99681,-76.303,1993-01-07,1993,1,Winter,7.8,18.7,1.0,AP,25114.0,62784.0
LE5.5,Lower Bay,36.99681,-76.303,1993-02-10,1993,2,Winter,5.3,19.5,1.0,AP,597888.0,4800.0
LE5.5,Lower Bay,36.99681,-76.303,1993-03-12,1993,3,Spring,7.7,12.1,1.0,AP,1913242.0,29894.0
LE5.5,Lower Bay,36.99681,-76.303,1993-05-11,1993,5,Spring,18.9,14.2,1.0,AP,17357.0,190925.0
LE5.5,Lower Bay,36.99681,-76.303,1993-06-15,1993,6,Summer,24.3,16.2,1.0,AP,0.0,0.0
LE5.5,Lower Bay,36.99681,-76.303,1993-07-12,1993,7,Summer,30.1,19.2,1.0,AP,0.0,384.0
LE5.5,Lower Bay,36.99681,-76.303,1993-08-09,1993,8,Summer,25.3,23.1,1.0,AP,0.0,0.0
LE5.5,Lower Bay,36.99681,-76.303,1993-09-14,1993,9,Fall,24.0,24.4,1.0,AP,0.0,12557.0
LE5.5,Lower Bay,36.99681,-76.303,1993-10-13,1993,10,Fall,17.8,24.7,1.0,AP,0.0,0.0
LE5.5,Lower Bay,36.99681,-76.303,1993-11-17,1993,11,Fall,14.0,22.6,1.0,AP,0.0,224.0
LE5.5,Lower Bay,36.99681,-76.303,1993-12-07,1993,12,Winter,11.0,22.8,1.0,AP,1024.0,0.0
LE5.5,Lower Bay,36.99681,-76.303,1994-02-08,1994,2,Winter,3.3,18.8,1.0,AP,150656.0,54784.0
LE5.5,Lower Bay,36.99681,-76.303,1994-03-08,1994,3,Spring,7.5,9.3,1.0,AP,61848.0,30924.0
LE5.5,Lower Bay,36.99681,-76.303,1994-04-06,1994,4,Spring,12.9,11.5,1.0,AP,803855.0,229673.0
LE5.5,Lower Bay,36.99681,-76.303,1994-05-06,1994,5,Spring,16.1,15.8,1.0,AP,30925.0,61850.0
LE5.5,Lower Bay,36.99681,-76.303,1994-06-14,1994,6,Summer,23.3,18.5,1.0,AP,0.0,0.0
LE5.5,Lower Bay,36.99681,-76.303,1994-07-13,1994,7,Summer,25.6,22.2,1.0,AP,0.0,92775.0
LE5.5,Lower Bay,36.99681,-76.303,1994-08-17,1994,8,Summer,24.2,23.2,1.0,AP,0.0,0.0
LE5.5,Lower Bay,36.99681,-76.303,1994-09-13,1994,9,Fall,23.3,20.5,1.0,AP,0.0,0.0
LE5.5,Lower Bay,36.99681,-76.303,1994-10-19,1994,10,Fall,16.5,21.9,1.0,AP,0.0,64.0
LE5.5,Lower Bay,36.99681,-76.303,1994-11-15,1994,11,Fall,14.6,23.0,1.0,AP,0.0,0.0
LE5.5,Lower Bay,36.99681,-76.303,1994-12-19,1994,12,Winter,8.8,22.5,1.0,AP,43064.0,0.0
LE5.5,Lower Bay,36.99681,-76.303,1995-01-09,1995,1,Winter,6.3,21.6,1.0,AP,896.0,64.0
LE5.5,Lower Bay,36.99681,-76.303,1995-02-14,1995,2,Winter,2.9,21.5,1.0,AP,768.0,0.0
LE5.5,Lower Bay,36.99681,-76.303,1995-03-06,1995,3,Spring,6.7,19.9,1.0,AP,91802.0,41728.0
LE5.5,Lower Bay,36.99681,-76.303,1995-04-25,1995,4,Spring,14.5,22.1,1.0,AP,384.0,130496.0
LE5.5,Lower Bay,36.99681,-76.303,1995-05-09,1995,5,Spring,16.7,19.4,1.0,AP,0.0,0.0
LE5.5,Lower Bay,36.99681,-76.303,1995-06-08,1995,6,Summer,23.2,21.2,1.0,AP,0.0,30925.0
LE5.5,Lower Bay,36.99681,-76.303,1995-07-10,1995,7,Summer,26.1,19.3,1.0,AP,0.0,0.0
LE5.5,Lower Bay,36.99681,-76.303,1995-08-14,1995,8,Summer,26.8,23.4,1.0,AP,0.0,0.0
LE5.5,Lower Bay,36.99681,-76.303,1995-09-05,1995,9,Fall,25.2,24.0,1.0,AP,0.0,0.0
LE5.5,Lower Bay,36.99681,-76.303,1995-10-18,1995,10,Fall,19.1,22.4,1.0,AP,0.0,0.0
LE5.5,Lower Bay,36.99681,-76.303,1995-11-13,1995,11,Fall,12.4,23.9,1.0,AP,0.0,0.0
LE5.5,Lower Bay,36.99681,-76.303,1995-12-12,1995,12,Winter,5.5,20.8,1.0,AP,256.0,0.0
LE5.5,Lower Bay,36.99681,-76.303,1996-01-29,1996,1,Winter,4.4,10.2,1.0,AP,22912.0,128.0
LE5.5,Lower Bay,36.99681,-76.303,1996-02-15,1996,2,Winter,3.1,16.8,1.0,AP,191744.0,41088.0
LE5.5,Lower Bay,36.99681,-76.303,1996-03-25,1996,3,Spring,8.0,14.0,1.0,AP,371098.0,30925.0
LE5.5,Lower Bay,36.99681,-76.303,1996-04-08,1996,4,Spring,9.7,14.3,1.0,AP,734413.0,33382.0
LE5.5,Lower Bay,36.99681,-76.303,1996-05-16,1996,5,Spring,16.8,17.5,1.0,AP,256.0,54784.0
LE5.5,Lower Bay,36.99681,-76.303,1996-06-10,1996,6,Summer,22.9,16.1,1.0,AP,0.0,0.0
LE5.5,Lower Bay,36.99681,-76.303,1996-07-11,1996,7,Summer,25.3,19.6,1.0,AP,0.0,16691.0
LE5.5,Lower Bay,36.99681,-76.303,1996-07-22,1996,7,Summer,26.2,18.2,1.0,AP,0.0,0.0
LE5.5,Lower Bay,36.99681,-76.303,1996-08-07,1996,8,Summer,26.4,19.1,1.0,AP,0.0,896.0
LE5.5,Lower Bay,36.99681,-76.303,1996-08-28,1996,8,Summer,26.5,19.9,1.0,AP,0.0,46387.0
LE5.5-W,Lower Bay,36.99903,-76.31328,2004-03-24,2004,3,Spring,9.2,17.08,1.0,AP,413323.6,3072.0
LE5.5-W,Lower Bay,36.99903,-76.31328,2004-04-14,2004,4,Spring,11.5,19.04,1.0,AP,6144.0,170496.0
LE5.5-W,Lower Bay,36.99903,-76.31328,2004-05-12,2004,5,Spring,19.99,18.11,1.0,AP,0.0,0.0
LE5.5-W,Lower Bay,36.99903,-76.31328,2004-06-09,2004,6,Summer,23.63,18.56,1.0,AP,71040.0,384.0
LE5.5-W,Lower Bay,36.99903,-76.31328,2004-07-08,2004,7,Summer,27.13,19.08,1.0,AP,284160.0,0.0
LE5.5-W,Lower Bay,36.99903,-76.31328,2004-08-20,2004,8,Summer,25.4,16.98,1.0,AP,0.0,3200.0
LE5.5-W,Lower Bay,36.99903,-76.31328,2004-09-09,2004,9,Fall,25.71,14.12,1.0,AP,0.0,0.0
LE5.5-W,Lower Bay,36.99903,-76.31328,2004-10-14,2004,10,Fall,19.67,18.33,1.0,AP,0.0,8192.0
LE5.5-W,Lower Bay,36.99903,-76.31328,2004-11-16,2004,11,Fall,12.44,17.75,1.0,AP,0.0,1408.0
LE5.5-W,Lower Bay,36.99903,-76.31328,2004-12-10,2004,12,Winter,12.77,18.03,1.0,AP,56832.0,384.0
LE5.5-W,Lower Bay,36.99903,-76.31328,2005-01-11,2005,1,Winter,7.85,18.04,1.0,AP,0.0,227328.0
LE5.5-W,Lower Bay,36.99903,-76.31328,2005-02-17,2005,2,Winter,6.33,15.64,1.0,AP,36864.0,487131.4
LE5.5-W,Lower Bay,36.99903,-76.31328,2005-03-15,2005,3,Spring,7.37,17.89,1.0,AP,909312.0,2500608.0
LE5.5-W,Lower Bay,36.99903,-76.31328,2005-04-11,2005,4,Spring,13.52,14.11,1.0,AP,340992.0,284160.0
LE5.5-W,Lower Bay,36.99903,-76.31328,2005-05-11,2005,5,Spring,16.22,17.06,1.0,AP,28416.0,94720.0
LE5.5-W,Lower Bay,36.99903,-76.31328,2005-06-15,2005,6,Summer,25.5,17.4,1.0,AP,0.0,256.0
LE5.5-W,Lower Bay,36.99903,-76.31328,2005-07-15,2005,7,Summer,26.87,19.79,1.0,AP,410453.3,2048.0
LE5.5-W,Lower Bay,36.99903,-76.31328,2005-08-10,2005,8,Summer,28.34,20.9,1.0,AP,0.0,256.0
LE5.5-W,Lower Bay,36.99903,-76.31328,2005-09-21,2005,9,Fall,26.56,21.34,1.0,AP,128.0,0.0
LE5.5-W,Lower Bay,36.99903,-76.31328,2005-10-21,2005,10,Fall,19.26,21.71,1.0,AP,0.0,256.0
LE5.5-W,Lower Bay,36.99903,-76.31328,2005-11-30,2005,11,Fall,13.24,22.3,1.0,AP,128.0,2176.0
LE5.5-W,Lower Bay,36.99903,-76.31328,2005-12-16,2005,12,Winter,7.15,19.65,1.0,AP,71040.0,85248.0
LE5.5-W,Lower Bay,36.99903,-76.31328,2006-01-12,2006,1,Winter,8.04,18.5,1.0,AP,198912.0,170496.0
LE5.5-W,Lower Bay,36.99903,-76.31328,2006-02-22,2006,2,Winter,6.38,17.94,1.0,AP,229513.9,87433.9
LE5.5-W,Lower Bay,36.99903,-76.31328,2006-03-09,2006,3,Spring,7.51,17.48,1.0,AP,369408.0,42624.0
LE5.5-W,Lower Bay,36.99903,-76.31328,2006-04-07,2006,4,Spring,13.14,20.27,1.0,AP,128.0,64581.8
LE5.5-W,Lower Bay,36.99903,-76.31328,2006-05-25,2006,5,Spring,19.65,20.96,1.0,AP,0.0,56832.0
LE5.5-W,Lower Bay,36.99903,-76.31328,2006-06-07,2006,6,Summer,22.16,22.41,1.0,AP,0.0,0.0
LE5.5-W,Lower Bay,36.99903,-76.31328,2006-07-12,2006,7,Summer,24.85,20.78,1.0,AP,0.0,384.0
LE5.5-W,Lower Bay,36.99903,-76.31328,2006-07-26,2006,7,Summer,25.66,23.69,1.0,AP,0.0,81188.6
LE5.5-W,Lower Bay,36.99903,-76.31328,2006-08-17,2006,8,Summer,26.23,22.25,1.0,AP,0.0,42624.0
LE5.5-W,Lower Bay,36.99903,-76.31328,2006-08-30,2006,8,Summer,27.11,23.86,1.0,AP,0.0,2048.0
LE5.5-W,Lower Bay,36.99903,-76.31328,2006-09-20,2006,9,Fall,23.77,19.99,1.0,AP,0.0,42624.0
LE5.5-W,Lower Bay,36.99903,-76.31328,2006-11-17,2006,11,Fall,14.81,15.29,1.0,AP,7808.0,256.0
LE5.5-W,Lower Bay,36.99903,-76.31328,2006-12-11,2006,12,Winter,8.71,15.71,1.0,AP,165760.0,35520.0
LE5.5-W,Lower Bay,36.99903,-76.31328,2007-01-09,2007,1,Winter,11.38,15.24,1.0,AP,640.0,640.0
LE5.5-W,Lower Bay,36.99903,-76.31328,2007-02-12,2007,2,Winter,4.13,17.25,1.0,AP,384.0,3200.0
LE5.5-W,Lower Bay,36.99903,-76.31328,2007-03-14,2007,3,Spring,10.25,14.63,1.0,AP,0.0,6656.0
LE5.5-W,Lower Bay,36.99903,-76.31328,2007-04-19,2007,4,Spring,11.58,16.48,1.0,AP,35520.0,145632.0
LE5.5-W,Lower Bay,36.99903,-76.31328,2007-05-12,2007,5,Spring,18.22,15.54,1.0,AP,0.0,7680.0
LE5.5-W,Lower Bay,36.99903,-76.31328,2007-06-11,2007,6,Summer,23.62,20.67,1.0,AP,0.0,0.0
LE5.5-W,Lower Bay,36.99903,-76.31328,2007-07-11,2007,7,Summer,27.37,23.03,1.0,AP,0.0,4096.0
LE5.5-W,Lower Bay,36.99903,-76.31328,2007-08-08,2007,8,Summer,28.58,22.18,1.0,AP,0.0,256.0
LE5.5-W,Lower Bay,36.99903,-76.31328,2007-09-24,2007,9,Fall,24.06,23.07,1.0,AP,0.0,0.0
LE5.5-W,Lower Bay,36.99903,-76.31328,2008-01-24,2008,1,Winter,5.44,23.08,1.0,AP,128.0,256.0
LE5.5-W,Lower Bay,36.99903,-76.31328,2008-02-25,2008,2,Winter,7.8,21.33,1.0,AP,66304.0,66304.0
LE5.5-W,Lower Bay,36.99903,-76.31328,2008-04-01,2008,4,Spring,12.03,19.46,1.0,AP,1536.0,78144.0
LE5.5-W,Lower Bay,36.99903,-76.31328,2008-04-18,2008,4,Spring,14.98,17.17,1.0,AP,9216.0,990500.5
LE5.5-W,Lower Bay,36.99903,-76.31328,2008-05-16,2008,5,Spring,18.43,14.98,1.0,AP,0.0,0.0
LE5.5-W,Lower Bay,36.99903,-76.31328,2008-06-12,2008,6,Summer,26.81,18.26,1.0,AP,896.0,2176.0
LE5.5-W,Lower Bay,36.99903,-76.31328,2008-07-09,2008,7,Summer,24.89,22.24,1.0,AP,0.0,0.0
LE5.5-W,Lower Bay,36.99903,-76.31328,2008-08-13,2008,8,Summer,25.52,21.95,1.0,AP,128.0,384.0
LE5.5-W,Lower Bay,36.99903,-76.31328,2008-09-18,2008,9,Fall,24.0,23.33,1.0,AP,0.0,128.0
LE5.5-W,Lower Bay,36.99903,-76.31328,2008-10-27,2008,10,Fall,16.24,23.18,1.0,AP,0.0,1152.0
LE5.5-W,Lower Bay,36.99903,-76.31328,2008-11-17,2008,11,Fall,13.27,22.78,1.0,AP,0.0,128.0
LE5.5-W,Lower Bay,36.99903,-76.31328,2008-12-19,2008,12,Winter,9.04,20.3,1.0,AP,0.0,1024.0
LE5.5-W,Lower Bay,36.99903,-76.31328,2009-01-13,2009,1,Winter,6.59,21.58,1.0,AP,0.0,42624.0
LE5.5-W,Lower Bay,36.99903,-76.31328,2009-02-11,2009,2,Winter,5.39,22.1,1.0,AP,108649.4,33430.5
LE5.5-W,Lower Bay,36.99903,-76.31328,2009-03-23,2009,3,Spring,9.01,20.15,1.0,AP,2432.0,112168.4
LE5.5-W,Lower Bay,36.99903,-76.31328,2009-04-13,2009,4,Spring,12.87,19.67,1.0,AP,45207.2,1536.0
LE5.5-W,Lower Bay,36.99903,-76.31328,2009-06-02,2009,6,Summer,24.34,17.56,1.0,AP,0.0,71040.0
LE5.5-W,Lower Bay,36.99903,-76.31328,2009-06-18,2009,6,Summer,23.6,18.84,1.0,AP,128.0,256.0
LE5.5-W,Lower Bay,36.99903,-76.31328,2009-07-16,2009,7,Summer,25.55,19.77,1.0,AP,0.0,512.0
LE5.5-W,Lower Bay,36.99903,-76.31328,2009-08-12,2009,8,Summer,27.17,22.85,1.0,AP,0.0,28416.0
LE5.5-W,Lower Bay,36.99903,-76.31328,2009-09-16,2009,9,Fall,24.07,21.13,1.0,AP,0.0,3968.0
LE5.5-W,Lower Bay,36.99903,-76.31328,2009-10-29,2009,10,Fall,16.75,23.2,1.0,AP,0.0,0.0
LE5.5-W,Lower Bay,36.99903,-76.31328,2009-11-16,2009,11,Fall,14.45,16.97,1.0,AP,0.0,128.0
LE5.5-W,Lower Bay,36.99903,-76.31328,2009-12-07,2009,12,Winter,11.15,17.3,1.0,AP,10656.0,384.0
LE5.5-W,Lower Bay,36.99903,-76.31328,2010-03-19,2010,3,Spring,10.47,14.98,1.0,AP,4096.0,7680.0
LE5.5-W,Lower Bay,36.99903,-76.31328,2010-04-12,2010,4,Spring,15.21,18.05,1.0,AP,1664.0,345051.4
LE5.5-W,Lower Bay,36.99903,-76.31328,2010-05-11,2010,5,Spring,18.03,18.8,1.0,AP,768.0,0.0
LE5.5-W,Lower Bay,36.99903,-76.31328,2010-06-04,2010,6,Summer,25.07,18.84,1.0,AP,0.0,1152.0
LE5.5-W,Lower Bay,36.99903,-76.31328,2010-07-14,2010,7,Summer,27.82,22.44,1.0,AP,0.0,71040.0
LE5.5-W,Lower Bay,36.99903,-76.31328,2010-08-04,2010,8,Summer,25.65,23.84,1.0,AP,0.0,128.0
LE5.5-W,Lower Bay,36.99903,-76.31328,2010-09-23,2010,9,Fall,24.79,24.21,1.0,AP,0.0,0.0
LE5.5-W,Lower Bay,36.99903,-76.31328,2010-10-20,2010,10,Fall,18.19,21.85,1.0,AP,0.0,128.0
LE5.5-W,Lower Bay,36.99903,-76.31328,2010-11-18,2010,11,Fall,13.5,22.45,1.0,AP,0.0,19374.5
LE5.5-W,Lower Bay,36.99903,-76.31328,2010-12-17,2010,12,Winter,4.09,19.61,1.0,AP,0.0,0.0
LE5.5-W,Lower Bay,36.99903,-76.31328,2011-07-13,2011,7,Summer,27.12,19.63,1.0,AP,0.0,1536.0
LE5.5-W,Lower Bay,36.99903,-76.31328,2011-08-11,2011,8,Summer,27.51,21.71,1.0,AP,0.0,8192.0
LE5.5-W,Lower Bay,36.99903,-76.31328,2011-09-22,2011,9,Fall,23.13,17.43,1.0,AP,0.0,7040.0
LE5.5-W,Lower Bay,36.99903,-76.31328,2011-10-04,2011,10,Fall,20.46,18.06,1.0,AP,0.0,2560.0
LE5.5-W,Lower Bay,36.99903,-76.31328,2011-10-18,2011,10,Fall,20.1,17.76,1.0,AP,0.0,1536.0
LE5.5-W,Lower Bay,36.99903,-76.31328,2011-11-22,2011,11,Fall,13.71,20.14,1.0,AP,7552.0,15488.0
LE5.5-W,Lower Bay,36.99903,-76.31328,2011-12-14,2011,12,Winter,10.59,15.34,1.0,AP,10624.0,1792.0
LE5.5-W,Lower Bay,36.99903,-76.31328,2012-01-11,2012,1,Winter,8.08,18.71,1.0,AP,0.0,397824.0
LE5.5-W,Lower Bay,36.99903,-76.31328,2012-02-16,2012,2,Winter,7.06,18.01,1.0,AP,111616.0,46592.0
LE5.5-W,Lower Bay,36.99903,-76.31328,2012-03-16,2012,3,Spring,12.63,17.93,1.0,AP,0.0,265216.0
LE5.5-W,Lower Bay,36.99903,-76.31328,2012-04-19,2012,4,Spring,16.75,19.73,1.0,AP,512.0,4096.0
LE5.5-W,Lower Bay,36.99903,-76.31328,2012-05-23,2012,5,Spring,22.25,18.08,1.0,AP,0.0,1152.0
LE5.5-W,Lower Bay,36.99903,-76.31328,2012-06-04,2012,6,Summer,23.58,19.24,1.0,AP,0.0,4864.0
LE5.5-W,Lower Bay,36.99903,-76.31328,2012-07-25,2012,7,Summer,28.27,23.03,1.0,AP,0.0,256.0
LE5.5-W,Lower Bay,36.99903,-76.31328,2012-08-09,2012,8,Summer,27.82,22.68,1.0,AP,0.0,0.0
LE5.5-W,Lower Bay,36.99903,-76.31328,2012-09-17,2012,9,Fall,24.35,23.28,1.0,AP,0.0,0.0
LE5.5-W,Lower Bay,36.99903,-76.31328,2012-10-15,2012,10,Fall,18.73,23.5,1.0,AP,0.0,0.0
LE5.5-W,Lower Bay,36.99903,-76.31328,2012-11-12,2012,11,Fall,11.84,22.18,1.0,AP,21312.0,256.0
LE5.5-W,Lower Bay,36.99903,-76.31328,2012-12-10,2012,12,Winter,10.7,23.32,1.0,AP,256.0,0.0
LE5.5-W,Lower Bay,36.99903,-76.31328,2013-01-16,2013,1,Winter,8.23,21.49,1.0,AP,19712.0,2944.0
LE5.5-W,Lower Bay,36.99903,-76.31328,2013-02-15,2013,2,Winter,7.08,17.25,1.0,AP,236800.0,10752.0
LE5.5-W,Lower Bay,36.99903,-76.31328,2013-03-20,2013,3,Spring,9.46,13.0,1.0,AP,384.0,0.0
LE5.5-W,Lower Bay,36.99903,-76.31328,2013-04-17,2013,4,Spring,15.67,17.59,1.0,AP,640.0,241536.0
LE5.5-W,Lower Bay,36.99903,-76.31328,2013-05-14,2013,5,Spring,19.44,12.95,1.0,AP,54646.2,2304.0
LE5.5-W,Lower Bay,36.99903,-76.31328,2013-06-03,2013,6,Summer,23.09,19.86,1.0,AP,42624.0,512.0
LE5.5-W,Lower Bay,36.99903,-76.31328,2013-07-18,2013,7,Summer,27.61,17.51,1.0,AP,0.0,0.0
LE5.5-W,Lower Bay,36.99903,-76.31328,2013-08-13,2013,8,Summer,27.98,21.92,1.0,AP,0.0,21858.5
LE5.5-W,Lower Bay,36.99903,-76.31328,2013-09-20,2013,9,Fall,22.71,22.44,1.0,AP,0.0,512.0
LE5.5-W,Lower Bay,36.99903,-76.31328,2013-10-23,2013,10,Fall,18.99,20.97,1.0,AP,0.0,0.0
LE5.5-W,Lower Bay,36.99903,-76.31328,2013-11-11,2013,11,Fall,13.76,22.97,1.0,AP,384.0,128.0
LE5.5-W,Lower Bay,36.99903,-76.31328,2013-12-12,2013,12,Winter,7.56,20.9,1.0,AP,128.0,0.0
LE5.5-W,Lower Bay,36.99903,-76.31328,2014-02-17,2014,2,Winter,3.29,17.82,1.0,AP,2955264.0,0.0
LE5.5-W,Lower Bay,36.99903,-76.31328,2014-03-21,2014,3,Spring,6.76,19.5,1.0,AP,4608.0,8192.0
LE5.5-W,Lower Bay,36.99903,-76.31328,2014-04-14,2014,4,Spring,16.01,16.63,1.0,AP,256.0,63146.7
LE5.5-W,Lower Bay,36.99903,-76.31328,2014-05-14,2014,5,Spring,20.57,17.01,1.0,AP,256.0,142080.0
LE5.5-W,Lower Bay,36.99903,-76.31328,2014-06-04,2014,6,Summer,22.22,16.23,1.0,AP,0.0,128.0
LE5.5-W,Lower Bay,36.99903,-76.31328,2014-07-10,2014,7,Summer,25.99,20.63,1.0,AP,0.0,1664.0
LE5.5-W,Lower Bay,36.99903,-76.31328,2014-08-06,2014,8,Summer,25.54,21.19,1.0,AP,0.0,26640.0
LE5.5-W,Lower Bay,36.99903,-76.31328,2014-09-17,2014,9,Fall,24.19,19.71,1.0,AP,0.0,0.0
LE5.5-W,Lower Bay,36.99903,-76.31328,2014-10-22,2014,10,Fall,18.95,23.48,1.0,AP,0.0,128.0
LE5.5-W,Lower Bay,36.99903,-76.31328,2014-11-25,2014,11,Fall,11.078,23.21,1.0,AP,0.0,0.0
LE5.5-W,Lower Bay,36.99903,-76.31328,2014-12-17,2014,12,Winter,8.226,22.0,1.0,AP,1024.0,384.0
LE5.5-W,Lower Bay,36.99903,-76.31328,2015-01-12,2015,1,Winter,4.975,19.76,1.0,AP,56832.0,0.0
LE5.5-W,Lower Bay,36.99903,-76.31328,2015-03-09,2015,3,Spring,4.027,18.95,1.0,AP,340992.0,512.0
LE5.5-W,Lower Bay,36.99903,-76.31328,2015-04-08,2015,4,Spring,11.301,20.89,1.0,AP,2048.0,4096.0
LE5.5-W,Lower Bay,36.99903,-76.31328,2015-05-07,2015,5,Spring,17.57,19.19,1.0,AP,1024.0,241536.0
LE5.5-W,Lower Bay,36.99903,-76.31328,2015-06-05,2015,6,Summer,21.419,22.66,1.0,AP,256.0,42624.0
LE5.5-W,Lower Bay,36.99903,-76.31328,2015-07-08,2015,7,Summer,26.878,21.53,1.0,AP,0.0,1024.0
LE5.5-W,Lower Bay,36.99903,-76.31328,2015-08-06,2015,8,Summer,27.965,21.94,1.0,AP,0.0,30445.7
LE5.5-W,Lower Bay,36.99903,-76.31328,2015-09-29,2015,9,Fall,23.08,21.87,1.0,AP,0.0,128.0
LE5.5-W,Lower Bay,36.99903,-76.31328,2015-10-22,2015,10,Fall,16.702,19.59,1.0,AP,0.0,256.0
LE5.5-W,Lower Bay,36.99903,-76.31328,2016-03-14,2016,3,Spring,11.064,18.91,1.0,AP,30720.0,133722.4
LE5.5-W,Lower Bay,36.99903,-76.31328,2016-04-18,2016,4,Spring,12.911,21.26,1.0,AP,0.0,76504.6
LE5.5-W,Lower Bay,36.99903,-76.31328,2016-05-10,2016,5,Spring,18.007,17.6,1.0,AP,0.0,4352.0
LE5.5-W,Lower Bay,36.99903,-76.31328,2016-06-08,2016,6,Summer,23.669,17.53,1.0,AP,0.0,960.0
LE5.5-W,Lower Bay,36.99903,-76.31328,2016-07-13,2016,7,Summer,27.68,19.51,1.0,AP,0.0,1152.0
LE5.5-W,Lower Bay,36.99903,-76.31328,2016-08-10,2016,8,Summer,28.216,21.06,1.0,AP,0.0,4224.0
LE5.5-W,Lower Bay,36.99903,-76.31328,2016-09-20,2016,9,Fall,25.412,23.77,1.0,AP,0.0,0.0
LE5.5-W,Lower Bay,36.99903,-76.31328,2016-10-17,2016,10,Fall,20.192,17.64,1.0,AP,0.0,384.0
LE5.5-W,Lower Bay,36.99903,-76.31328,2016-11-17,2016,11,Fall,13.246,22.69,1.0,AP,0.0,0.0
LE5.5-W,Lower Bay,36.99903,-76.31328,2016-12-14,2016,12,Winter,8.898,22.94,1.0,AP,0.0,35520.0
LE5.5-W,Lower Bay,36.99903,-76.31328,2017-01-26,2017,1,Winter,7.778,20.14,1.0,AP,3200.0,3840.0
LE5.5-W,Lower Bay,36.99903,-76.31328,2017-02-17,2017,2,Winter,7.214,21.92,1.0,AP,64512.0,170496.0
LE5.5-W,Lower Bay,36.99903,-76.31328,2017-03-27,2017,3,Spring,10.791,22.66,1.0,AP,640.0,896.0
LE5.5-W,Lower Bay,36.99903,-76.31328,2017-04-12,2017,4,Spring,14.602,21.61,1.0,AP,256.0,12536.5
LE5.5-W,Lower Bay,36.99903,-76.31328,2017-05-10,2017,5,Spring,18.234,17.76,1.0,AP,0.0,4480.0
LE5.5-W,Lower Bay,36.99903,-76.31328,2017-06-07,2017,6,Summer,22.784,17.95,1.0,AP,0.0,1280.0
LE5.5-W,Lower Bay,36.99903,-76.31328,2017-07-17,2017,7,Summer,25.834,24.2,1.0,AP,0.0,896.0
LE5.5-W,Lower Bay,36.99903,-76.31328,2017-08-08,2017,8,Summer,25.757,22.97,1.0,AP,0.0,5504.0
LE5.5-W,Lower Bay,36.99903,-76.31328,2017-09-20,2017,9,Fall,24.256,21.21,1.0,AP,0.0,128.0
LE5.5-W,Lower Bay,36.99903,-76.31328,2017-10-20,2017,10,Fall,19.09,21.53,1.0,AP,0.0,64.0
LE5.5-W,Lower Bay,36.99903,-76.31328,2017-11-16,2017,11,Fall,13.48,21.83,1.0,AP,0.0,64.0
LE5.5-W,Lower Bay,36.99903,-76.31328,2017-12-15,2017,12,Winter,6.834,22.43,1.0,AP,448.0,1856.0
LE5.5-W,Lower Bay,36.99903,-76.31328,2018-01-16,2018,1,Winter,2.286,22.15,1.0,AP,5760.0,64.0
LE5.5-W,Lower Bay,36.99903,-76.31328,2018-02-21,2018,2,Winter,8.537,17.23,1.0,AP,8576.0,1536.0
LE5.5-W,Lower Bay,36.99903,-76.31328,2018-03-14,2018,3,Spring,6.298,19.67,1.0,AP,6912.0,85248.0
LE5.5-W,Lower Bay,36.99903,-76.31328,2018-04-17,2018,4,Spring,12.357,22.12,1.0,AP,640.0,66600.0
LE5.5-W,Lower Bay,36.99903,-76.31328,2018-05-17,2018,5,Spring,20.776,19.38,1.0,AP,0.0,40594.3
LE5.5-W,Lower Bay,36.99903,-76.31328,2018-06-04,2018,6,Summer,24.793,14.48,1.0,AP,0.0,3584.0
LE5.5-W,Lower Bay,36.99903,-76.31328,2018-07-09,2018,7,Summer,25.634,17.87,1.0,AP,0.0,79920.0
LE5.5-W,Lower Bay,36.99903,-76.31328,2018-08-08,2018,8,Summer,27.556,18.38,1.0,AP,0.0,2816.0
LE5.5-W,Lower Bay,36.99903,-76.31328,2018-09-26,2018,9,Fall,26.987,16.54,1.0,AP,0.0,1408.0
LE5.5-W,Lower Bay,36.99903,-76.31328,2018-10-17,2018,10,Fall,21.907,8.59,1.0,AP,0.0,384.0
LE5.5-W,Lower Bay,36.99903,-76.31328,2018-11-12,2018,11,Fall,14.511,11.01,1.0,AP,0.0,1408.0
LE5.5-W,Lower Bay,36.99903,-76.31328,2018-12-11,2018,12,Winter,7.029,14.15,1.0,AP,0.0,271243.59999
LE5.5-W,Lower Bay,36.99903,-76.31328,2019-01-17,2019,1,Winter,6.147,12.26,1.0,AP,127872.0,99456.0
LE5.5-W,Lower Bay,36.99903,-76.31328,2019-02-15,2019,2,Winter,7.523,12.94,1.0,AP,156288.0,340992.0
LE5.5-W,Lower Bay,36.99903,-76.31328,2019-03-14,2019,3,Spring,9.098,9.38,1.0,AP,3072.0,397824.0
LE5.5-W,Lower Bay,36.99903,-76.31328,2019-04-23,2019,4,Spring,18.678,12.84,1.0,AP,0.0,101485.7
LE5.5-W,Lower Bay,36.99903,-76.31328,2019-05-23,2019,5,Spring,22.274,15.35,1.0,AP,0.0,99456.0
LE5.5-W,Lower Bay,36.99903,-76.31328,2019-06-03,2019,6,Summer,24.224,17.41,1.0,AP,0.0,1152.0
LE5.5-W,Lower Bay,36.99903,-76.31328,2019-07-08,2019,7,Summer,26.687,18.74,1.0,AP,0.0,19374.5
LE5.5-W,Lower Bay,36.99903,-76.31328,2019-08-05,2019,8,Summer,26.098,20.59,1.0,AP,0.0,640.0
LE5.5-W,Lower Bay,36.99903,-76.31328,2019-09-17,2019,9,Fall,26.187,20.72,1.0,AP,0.0,128.0
LE5.5-W,Lower Bay,36.99903,-76.31328,2019-11-11,2019,11,Fall,14.274,21.72,1.0,AP,0.0,0.0
LE5.5-W,Lower Bay,36.99903,-76.31328,2019-12-09,2019,12,Winter,9.477,22.02,1.0,AP,31573.3,26311.1
LE5.5-W,Lower Bay,36.99903,-76.31328,2020-02-24,2020,2,Winter,7.445,17.82,1.0,AP,340992.0,113664.0
LE5.5-W,Lower Bay,36.99903,-76.31328,2020-05-29,2020,5,Spring,20.805,14.55,1.0,AP,0.0,1280.0
LE5.5-W,Lower Bay,36.99903,-76.31328,2020-06-23,2020,6,Summer,24.89,17.2,1.0,AP,0.0,640.0
LE5.5-W,Lower Bay,36.99903,-76.31328,2020-07-15,2020,7,Summer,28.192,19.35,1.0,AP,0.0,0.0
LE5.5-W,Lower Bay,36.99903,-76.31328,2020-08-26,2020,8,Summer,27.303,17.12,1.0,AP,128.0,256.0
LE5.5-W,Lower Bay,36.99903,-76.31328,2020-10-14,2020,10,Fall,20.135,20.59,1.0,AP,0.0,256.0
LE5.5-W,Lower Bay,36.99903,-76.31328,2020-11-16,2020,11,Fall,16.723,12.65,1.0,AP,0.0,256.0
LE5.5-W,Lower Bay,36.99903,-76.31328,2021-01-19,2021,1,Winter,6.833,15.62,1.0,AP,14208.0,0.0
LE5.5-W,Lower Bay,36.99903,-76.31328,2021-02-08,2021,2,Winter,4.678,18.36,1.0,AP,127872.0,1920.0
LE5.5-W,Lower Bay,36.99903,-76.31328,2021-03-16,2021,3,Spring,8.892,16.0,1.0,AP,113664.0,213120.0
LE5.5-W,Lower Bay,36.99903,-76.31328,2021-04-07,2021,4,Spring,14.427,14.91,1.0,AP,68590.3,235166.9
LE5.5-W,Lower Bay,36.99903,-76.31328,2021-05-11,2021,5,Spring,17.484,21.05,1.0,AP,256.0,0.0
LE5.5-W,Lower Bay,36.99903,-76.31328,2021-06-01,2021,6,Summer,20.909,19.78,1.0,AP,0.0,128.0
LE5.5-W,Lower Bay,36.99903,-76.31328,2021-07-21,2021,7,Summer,26.911,23.89,1.0,AP,512.0,640.0
LE5.5-W,Lower Bay,36.99903,-76.31328,2021-08-06,2021,8,Summer,24.896,22.05,1.0,AP,0.0,42624.0
LE5.5-W,Lower Bay,36.99903,-76.31328,2021-09-15,2021,9,Fall,25.524,21.08,1.0,AP,0.0,128.0
LE5.5-W,Lower Bay,36.99903,-76.31328,2021-10-14,2021,10,Fall,22.456,21.79,1.0,AP,0.0,36596.4
LE5.5-W,Lower Bay,36.99903,-76.31328,2021-11-11,2021,11,Fall,14.364,21.01,1.0,AP,384.0,1152.0
LE5.5-W,Lower Bay,36.99903,-76.31328,2021-12-06,2021,12,Winter,10.71,22.02,1.0,AP,384.0,1536.0
LE5.5-W,Lower Bay,36.99903,-76.31328,2022-01-19,2022,1,Winter,5.657,20.29,1.0,AP,0.0,0.0
LE5.5-W,Lower Bay,36.99903,-76.31328,2022-02-09,2022,2,Winter,5.716,16.35,1.0,AP,512.0,1792.0
LE5.5-W,Lower Bay,36.99903,-76.31328,2022-03-16,2022,3,Spring,9.259,20.11,1.0,AP,6912.0,19712.0
LE5.5-W,Lower Bay,36.99903,-76.31328,2022-04-25,2022,4,Spring,16.102,20.09,1.0,AP,256.0,1152.0
LE5.5-W,Lower Bay,36.99903,-76.31328,2022-06-07,2022,6,Summer,24.051,16.74,1.0,AP,0.0,6400.0
LE5.5-W,Lower Bay,36.99903,-76.31328,2022-07-12,2022,7,Summer,25.883,22.19,1.0,AP,0.0,256.0
LE5.5-W,Lower Bay,36.99903,-76.31328,2022-08-08,2022,8,Summer,27.274,23.98,1.0,AP,0.0,27323.1
LE5.5-W,Lower Bay,36.99903,-76.31328,2022-10-20,2022,10,Fall,17.001,23.2,1.0,AP,0.0,0.0
LE5.5-W,Lower Bay,36.99903,-76.31328,2022-12-05,2022,12,Winter,11.274,22.41,1.0,AP,0.0,40594.3
LE5.5-W,Lower Bay,36.99903,-76.31328,2023-01-20,2023,1,Winter,7.989,21.5,1.0,AP,0.0,0.0
LE5.5-W,Lower Bay,36.99903,-76.31328,2023-02-21,2023,2,Winter,10.443,20.68,1.0,AP,0.0,0.0
LE5.5-W,Lower Bay,36.99903,-76.31328,2023-03-16,2023,3,Spring,9.834,18.51,1.0,AP,31968.0,120768.0
LE5.5-W,Lower Bay,36.99903,-76.31328,2023-04-25,2023,4,Spring,16.86,21.48,1.0,AP,128.0,33152.0
LE5.5-W,Lower Bay,36.99903,-76.31328,2023-05-09,2023,5,Spring,18.934,20.99,1.0,AP,0.0,14208.0
LE5.5-W,Lower Bay,36.99903,-76.31328,2023-06-09,2023,6,Summer,21.495,20.55,1.0,AP,256.0,2944.0
LE5.5-W,Lower Bay,36.99903,-76.31328,2023-07-12,2023,7,Summer,28.552,20.48,1.0,AP,0.0,1536.0
LE5.5-W,Lower Bay,36.99903,-76.31328,2023-08-07,2023,8,Summer,27.32,22.95,1.0,AP,0.0,128.0
LE5.5-W,Lower Bay,36.99903,-76.31328,2023-09-13,2023,9,Fall,27.771,23.87,1.0,AP,0.0,384.0
LE5.5-W,Lower Bay,36.99903,-76.31328,2023-10-12,2023,10,Fall,20.199,23.32,1.0,AP,0.0,14208.0
LE5.5-W,Lower Bay,36.99903,-76.31328,2023-11-16,2023,11,Fall,14.446,23.82,1.0,AP,0.0,768.0
LE5.5-W,Lower Bay,36.99903,-76.31328,2023-12-13,2023,12,Winter,10.245,23.13,1.0,AP,0.0,128.0
LE5.5-W,Lower Bay,36.99903,-76.31328,2024-01-23,2024,1,Winter,4.872,14.07,1.0,AP,24709.6,1536.0
LE5.5-W,Lower Bay,36.99903,-76.31328,2024-02-19,2024,2,Winter,7.302,15.25,1.0,AP,617160.0,3328.0
LE5.5-W,Lower Bay,36.99903,-76.31328,2024-03-20,2024,3,Spring,11.52,13.4,1.0,AP,177600.0,63936.0
LE5.5-W,Lower Bay,36.99903,-76.31328,2024-04-15,2024,4,Spring,15.103,,1.0,AP,24864.0,67488.0
LE5.5-W,Lower Bay,36.99903,-76.31328,2024-05-14,2024,5,Spring,19.921,16.68,1.0,AP,0.0,1536.0
LE5.5-W,Lower Bay,36.99903,-76.31328,2024-06-13,2024,6,Summer,24.72,18.88,1.0,AP,0.0,31968.0
LE5.5-W,Lower Bay,36.99903,-76.31328,2024-06-27,2024,6,Summer,25.48,21.48,1.0,AP,0.0,0.0
LE5.5-W,Lower Bay,36.99903,-76.31328,2024-07-12,2024,7,Summer,26.328,22.16,1.0,AP,0.0,17760.0
LE5.5-W,Lower Bay,36.99903,-76.31328,2024-07-30,2024,7,Summer,25.554,22.86,1.0,AP,0.0,0.0
LE5.5-W,Lower Bay,36.99903,-76.31328,2024-08-19,2024,8,Summer,24.577,22.93,1.0,AP,0.0,14208.0
LE5.5-W,Lower Bay,36.99903,-76.31328,2024-08-28,2024,8,Summer,25.647,21.76,1.0,AP,0.0,0.0
LE5.5-W,Lower Bay,36.99903,-76.31328,2024-09-20,2024,9,Fall,24.089,20.88,1.0,AP,0.0,512.0
LE5.5-W,Lower Bay,36.99903,-76.31328,2024-10-23,2024,10,Fall,18.534,20.21,1.0,AP,128.0,14955.8
LE5.5-W,Lower Bay,36.99903,-76.31328,2024-12-16,2024,12,Winter,8.022,22.95,1.0,AP,0.0,256.0
LE5.5-W,Lower Bay,36.99903,-76.31328,2025-01-16,2025,1,Winter,3.416,22.09,1.0,AP,1280.0,640.0
LE5.5-W,Lower Bay,36.99903,-76.31328,2025-02-18,2025,2,Winter,6.459,7.15,1.0,AP,128.0,0.0
LE5.5-W,Lower Bay,36.99903,-76.31328,2025-03-17,2025,3,Spring,10.245,19.8,1.0,AP,6656.0,32787.7
LE5.5-W,Lower Bay,36.99903,-76.31328,2025-04-17,2025,4,Spring,14.441,18.63,1.0,AP,1536.0,8576.0
LE5.5-W,Lower Bay,36.99903,-76.31328,2025-05-07,2025,5,Spring,21.169,22.01,1.0,AP,256.0,256.0
LE5.5-W,Lower Bay,36.99903,-76.31328,2025-06-05,2025,6,Summer,22.182,17.21,1.0,AP,0.0,896.0
LE5.5-W,Lower Bay,36.99903,-76.31328,2025-07-24,2025,7,Summer,28.015,20.72,1.0,AP,0.0,10656.0
LE5.5-W,Lower Bay,36.99903,-76.31328,2025-08-29,2025,8,Summer,25.176,19.41,1.0,AP,0.0,384.0
WE4.2,Lower Bay,37.24181,-76.38634,1985-08-07,1985,8,Summer,24.7,23.79,1.0,AP,0.0,50803.0
WE4.2,Lower Bay,37.24181,-76.38634,1986-06-12,1986,6,Summer,22.1,23.22,1.0,AP,0.0,288.0
WE4.2,Lower Bay,37.24181,-76.38634,1986-09-10,1986,9,Fall,23.6,16.44,1.0,AP,0.0,16589.0
WE4.2,Lower Bay,37.24181,-76.38634,1986-09-22,1986,9,Fall,23.3,23.19,1.0,AP,0.0,352.0
WE4.2,Lower Bay,37.24181,-76.38634,1987-04-23,1987,4,Spring,15.4,16.8,1.0,AP,54170.0,108340.0
WE4.2,Lower Bay,37.24181,-76.38634,1987-05-19,1987,5,Spring,20.2,16.58,1.0,AP,384.0,189595.0
WE4.2,Lower Bay,37.24181,-76.38634,1987-06-18,1987,6,Summer,23.1,20.85,1.0,AP,0.0,189595.0
WE4.2,Lower Bay,37.24181,-76.38634,1987-09-15,1987,9,Fall,26.5,21.69,1.0,AP,0.0,2176.0
WE4.2,Lower Bay,37.24181,-76.38634,1988-06-08,1988,6,Summer,21.8,16.84,0.0,AP,0.0,1152.0
WE4.2,Lower Bay,37.24181,-76.38634,1988-07-18,1988,7,Summer,26.9,21.66,0.0,AP,0.0,4480.0
WE4.2,Lower Bay,37.24181,-76.38634,1988-10-06,1988,10,Fall,20.6,22.89,0.0,AP,0.0,9760.0
WE4.2,Lower Bay,37.24181,-76.38634,1989-01-17,1989,1,Winter,5.9,22.12,0.0,AP,79488.0,2944.0
WE4.2,Lower Bay,37.24181,-76.38634,1989-07-10,1989,7,Summer,27.6,19.42,0.0,AP,0.0,6976.0
WE4.2,Lower Bay,37.24181,-76.38634,1990-04-16,1990,4,Spring,12.5,17.31,1.0,AP,52224.0,45184.0
WE4.2,Lower Bay,37.24181,-76.38634,1990-06-11,1990,6,Summer,22.9,15.63,1.0,AP,64.0,27674.0
WE4.2,Lower Bay,37.24181,-76.38634,1990-06-25,1990,6,Summer,24.6,18.32,1.0,AP,0.0,25114.0
WE4.2,Lower Bay,37.24181,-76.38634,1990-08-13,1990,8,Summer,27.2,,0.0,AP,0.0,27674.0
WE4.2,Lower Bay,37.24181,-76.38634,1991-06-03,1991,6,Summer,26.2,,0.0,AP,0.0,615293.0
WE4.2,Lower Bay,37.24181,-76.38634,1991-08-05,1991,8,Summer,28.0,,0.0,AP,0.0,0.0
WE4.2,Lower Bay,37.24181,-76.38634,1992-11-16,1992,11,Fall,12.5,21.45,1.0,AP,0.0,0.0
WE4.2,Lower Bay,37.24181,-76.38634,1993-04-12,1993,4,Spring,10.4,12.87,1.0,AP,256.0,149472.0
WE4.2,Lower Bay,37.24181,-76.38634,1994-04-04,1994,4,Spring,12.0,12.26,1.0,AP,634266.0,200294.0
WE4.2,Lower Bay,37.24181,-76.38634,1994-07-11,1994,7,Summer,27.7,20.0,1.0,AP,0.0,215318.0
WE4.2,Lower Bay,37.24181,-76.38634,1994-11-14,1994,11,Fall,14.4,20.92,1.0,AP,0.0,0.0
WE4.2,Lower Bay,37.24181,-76.38634,1995-03-06,1995,3,Spring,6.2,20.45,1.0,AP,28709.0,200964.0
WE4.2,Lower Bay,37.24181,-76.38634,1995-06-05,1995,6,Summer,23.9,5.78,1.0,AP,0.0,30925.0
WE4.2,Lower Bay,37.24181,-76.38634,1995-10-16,1995,10,Fall,21.0,23.17,1.0,AP,0.0,0.0
WE4.2,Lower Bay,37.24181,-76.38634,1995-11-13,1995,11,Fall,12.4,23.04,1.0,AP,0.0,0.0
WE4.2,Lower Bay,37.24181,-76.38634,1996-01-23,1996,1,Winter,3.1,19.5,1.0,AP,114836.0,0.0
WE4.2,Lower Bay,37.24181,-76.38634,1996-02-13,1996,2,Winter,2.1,15.6,1.0,AP,139162.0,15462.0
WE4.2,Lower Bay,37.24181,-76.38634,1996-03-18,1996,3,Spring,6.1,15.7,1.0,AP,205440.0,1280.0
WE4.2,Lower Bay,37.24181,-76.38634,1996-04-11,1996,4,Spring,9.1,14.9,1.0,AP,116838.0,33382.0
WE4.2,Lower Bay,37.24181,-76.38634,1996-05-14,1996,5,Spring,16.9,16.4,1.0,AP,768.0,247398.0
WE4.2,Lower Bay,37.24181,-76.38634,1996-06-12,1996,6,Summer,24.1,14.3,1.0,AP,0.0,0.0
WE4.2,Lower Bay,37.24181,-76.38634,1996-07-09,1996,7,Summer,25.9,17.9,1.0,AP,0.0,0.0
WE4.2,Lower Bay,37.24181,-76.38634,1996-08-05,1996,8,Summer,26.2,18.4,1.0,AP,0.0,384.0
WE4.2,Lower Bay,37.24181,-76.38634,1996-08-26,1996,8,Summer,26.9,17.2,1.0,AP,0.0,0.0
WE4.2,Lower Bay,37.24181,-76.38634,1996-09-09,1996,9,Fall,26.2,17.2,1.0,AP,0.0,0.0
WE4.2,Lower Bay,37.24181,-76.38634,1996-10-10,1996,10,Fall,18.1,15.2,1.0,AP,0.0,0.0
WE4.2,Lower Bay,37.24181,-76.38634,1996-11-20,1996,11,Fall,10.9,16.1,1.0,AP,0.0,0.0
WE4.2,Lower Bay,37.24181,-76.38634,1996-12-11,1996,12,Winter,7.2,15.9,1.0,AP,7936.0,0.0
WE4.2,Lower Bay,37.24181,-76.38634,1997-01-14,1997,1,Winter,5.9,15.5,1.0,AP,17792.0,185549.0
WE4.2,Lower Bay,37.24181,-76.38634,1997-02-11,1997,2,Winter,5.1,14.6,1.0,AP,4608.0,383488.0
WE4.2,Lower Bay,37.24181,-76.38634,1997-03-04,1997,3,Spring,8.3,14.5,1.0,AP,25088.0,567501.0
WE4.2,Lower Bay,37.24181,-76.38634,1997-04-04,1997,4,Spring,11.7,13.9,1.0,AP,4096.0,1536.0
WE4.2,Lower Bay,37.24181,-76.38634,1997-05-14,1997,5,Spring,17.0,15.87,1.0,AP,0.0,27392.0
WE4.2,Lower Bay,37.24181,-76.38634,1997-06-11,1997,6,Summer,20.3,16.64,1.0,AP,128.0,384.0
WE4.2,Lower Bay,37.24181,-76.38634,1997-07-15,1997,7,Summer,28.3,19.8,1.0,AP,0.0,256.0
WE4.2,Lower Bay,37.24181,-76.38634,1997-08-12,1997,8,Summer,27.4,19.84,1.0,AP,0.0,256.0
WE4.2,Lower Bay,37.24181,-76.38634,1997-09-08,1997,9,Fall,24.3,22.11,1.0,AP,0.0,31155.0
WE4.2,Lower Bay,37.24181,-76.38634,1997-10-13,1997,10,Fall,21.8,23.15,1.0,AP,0.0,0.0
WE4.2,Lower Bay,37.24181,-76.38634,1997-11-17,1997,11,Fall,11.7,21.98,1.0,AP,0.0,11413.0
WE4.2,Lower Bay,37.24181,-76.38634,1997-12-08,1997,12,Winter,8.0,20.5,1.0,AP,128.0,0.0
WE4.2,Lower Bay,37.24181,-76.38634,1998-01-12,1998,1,Winter,7.96,20.66,1.0,AP,128.0,512.0
WE4.2,Lower Bay,37.24181,-76.38634,1998-02-09,1998,2,Winter,5.86,12.56,1.0,AP,423330.0,12451.0
WE4.2,Lower Bay,37.24181,-76.38634,1998-03-23,1998,3,Spring,8.33,11.27,1.0,AP,459874.0,512.0
WE4.2,Lower Bay,37.24181,-76.38634,1998-04-06,1998,4,Spring,12.01,11.8,1.0,AP,128.0,280395.0
WE4.2,Lower Bay,37.24181,-76.38634,1998-05-18,1998,5,Spring,20.02,12.59,1.0,AP,640.0,49804.0
WE4.2,Lower Bay,37.24181,-76.38634,1998-06-01,1998,6,Summer,22.7,13.05,1.0,AP,0.0,192.0
WE4.2,Lower Bay,37.24181,-76.38634,1998-07-06,1998,7,Summer,26.54,16.29,1.0,AP,0.0,1536.0
WE4.2,Lower Bay,37.24181,-76.38634,1998-08-06,1998,8,Summer,25.57,18.38,1.0,AP,0.0,126872.0
WE4.2,Lower Bay,37.24181,-76.38634,1998-09-01,1998,9,Fall,27.96,19.83,1.0,AP,0.0,64.0
WE4.2,Lower Bay,37.24181,-76.38634,1998-10-12,1998,10,Fall,20.99,21.64,1.0,AP,0.0,0.0
WE4.2,Lower Bay,37.24181,-76.38634,1998-11-16,1998,11,Fall,13.28,21.96,1.0,AP,0.0,0.0
WE4.2,Lower Bay,37.24181,-76.38634,1998-12-17,1998,12,Winter,10.74,21.62,1.0,AP,0.0,0.0
WE4.2,Lower Bay,37.24181,-76.38634,1999-01-11,1999,1,Winter,4.34,21.19,1.0,AP,4352.0,0.0
WE4.2,Lower Bay,37.24181,-76.38634,1999-02-08,1999,2,Winter,8.02,20.53949,1.0,AP,0.0,128.0
WE4.2,Lower Bay,37.24181,-76.38634,1999-03-16,1999,3,Spring,5.59,20.49,1.0,AP,103852.0,640.0
WE4.2,Lower Bay,37.24181,-76.38634,1999-04-12,1999,4,Spring,13.37,18.29,1.0,AP,0.0,33382.0
WE4.2,Lower Bay,37.24181,-76.38634,1999-05-10,1999,5,Spring,18.28,18.61,1.0,AP,0.0,126872.0
WE4.2,Lower Bay,37.24181,-76.38634,1999-06-21,1999,6,Summer,22.1,20.77,1.0,AP,0.0,0.0
WE4.2,Lower Bay,37.24181,-76.38634,1999-07-08,1999,7,Summer,27.33,22.11,1.0,AP,0.0,0.0
WE4.2,Lower Bay,37.24181,-76.38634,1999-08-03,1999,8,Summer,29.02,23.24,1.0,AP,0.0,27392.0
WE4.2,Lower Bay,37.24181,-76.38634,1999-09-24,1999,9,Fall,20.72,18.73,1.0,AP,0.0,0.0
WE4.2,Lower Bay,37.24181,-76.38634,1999-10-04,1999,10,Fall,22.01,19.29,1.0,AP,0.0,62310.0
WE4.2,Lower Bay,37.24181,-76.38634,1999-11-02,1999,11,Fall,16.87,21.15,1.0,AP,0.0,128.0
WE4.2,Lower Bay,37.24181,-76.38634,1999-12-13,1999,12,Winter,9.96,23.01,1.0,AP,512.0,384.0
WE4.2,Lower Bay,37.24181,-76.38634,2000-02-01,2000,2,Winter,1.47,21.07,1.0,AP,4864.0,1280.0
WE4.2,Lower Bay,37.24181,-76.38634,2000-02-16,2000,2,Winter,4.73,21.53,1.0,AP,128.0,27392.0
WE4.2,Lower Bay,37.24181,-76.38634,2000-03-16,2000,3,Spring,11.1,20.77,1.0,AP,256.0,216986.0
WE4.2,Lower Bay,37.24181,-76.38634,2000-04-24,2000,4,Spring,15.55,16.73,1.0,AP,0.0,118374.0
WE4.2,Lower Bay,37.24181,-76.38634,2000-05-26,2000,5,Spring,21.85,18.4,1.0,AP,0.0,0.0
WE4.2,Lower Bay,37.24181,-76.38634,2000-06-12,2000,6,Summer,23.01,18.49,1.0,AP,0.0,256.0
WE4.2,Lower Bay,37.24181,-76.38634,2000-07-14,2000,7,Summer,26.17,18.77,1.0,AP,0.0,0.0
WE4.2,Lower Bay,37.24181,-76.38634,2000-08-07,2000,8,Summer,26.94,19.18,1.0,AP,0.0,640.0
WE4.2,Lower Bay,37.24181,-76.38634,2000-09-14,2000,9,Fall,25.4,18.78,1.0,AP,0.0,512.0
WE4.2,Lower Bay,37.24181,-76.38634,2000-10-10,2000,10,Fall,17.69,19.22,1.0,AP,0.0,128.0
WE4.2,Lower Bay,37.24181,-76.38634,2000-11-16,2000,11,Fall,13.54,22.64,1.0,AP,0.0,384.0
WE4.2,Lower Bay,37.24181,-76.38634,2000-12-14,2000,12,Winter,6.53,22.23,1.0,AP,0.0,0.0
WE4.2,Lower Bay,37.24181,-76.38634,2001-01-08,2001,1,Winter,2.42,22.48,1.0,AP,832.0,256.0
WE4.2,Lower Bay,37.24181,-76.38634,2001-02-15,2001,2,Winter,7.17,21.1,1.0,AP,128.0,256.0
WE4.2,Lower Bay,37.24181,-76.38634,2001-03-23,2001,3,Spring,8.93,20.81,1.0,AP,80779.6,1152.0
WE4.2,Lower Bay,37.24181,-76.38634,2001-04-02,2001,4,Spring,10.42,19.18,1.0,AP,192.0,41728.0
WE4.2,Lower Bay,37.24181,-76.38634,2001-05-10,2001,5,Spring,18.8,19.32,1.0,AP,0.0,136960.0
WE4.2,Lower Bay,37.24181,-76.38634,2001-06-13,2001,6,Summer,24.92,17.97,1.0,AP,128.0,1280.0
WE4.2,Lower Bay,37.24181,-76.38634,2001-07-12,2001,7,Summer,26.94,21.05,1.0,AP,13696.0,27392.0
WE4.2,Lower Bay,37.24181,-76.38634,2001-08-13,2001,8,Summer,28.15,21.51,1.0,AP,0.0,118477.0
WE4.2,Lower Bay,37.24181,-76.38634,2001-09-10,2001,9,Fall,26.23,22.24,1.0,AP,0.0,14796.8
WE4.2,Lower Bay,37.24181,-76.38634,2001-10-15,2001,10,Fall,19.62,23.57,1.0,AP,0.0,266573.0
WE4.2,Lower Bay,37.24181,-76.38634,2001-11-14,2001,11,Fall,13.85,24.46,1.0,AP,0.0,128.0
WE4.2,Lower Bay,37.24181,-76.38634,2001-12-12,2001,12,Winter,13.3,24.36,1.0,AP,0.0,0.0
WE4.2,Lower Bay,37.24181,-76.38634,2002-01-16,2002,1,Winter,5.96,24.57,1.0,AP,2560.0,0.0
WE4.2,Lower Bay,37.24181,-76.38634,2002-02-15,2002,2,Winter,7.71,23.74,1.0,AP,166446.5,768.0
WE4.2,Lower Bay,37.24181,-76.38634,2002-03-15,2002,3,Spring,10.75,24.24,1.0,AP,2432.0,512.0
WE4.2,Lower Bay,37.24181,-76.38634,2002-05-01,2002,5,Spring,17.27,22.83,1.0,AP,128.0,0.0
WE4.2,Lower Bay,37.24181,-76.38634,2002-05-21,2002,5,Spring,18.6,22.22,1.0,AP,256.0,0.0
WE4.2,Lower Bay,37.24181,-76.38634,2002-06-20,2002,6,Summer,25.34,21.46,1.0,AP,0.0,0.0
WE4.2,Lower Bay,37.24181,-76.38634,2002-07-18,2002,7,Summer,28.2,22.83,1.0,AP,0.0,3200.0
WE4.2,Lower Bay,37.24181,-76.38634,2002-08-15,2002,8,Summer,27.88,23.72,1.0,AP,0.0,1664.0
WE4.2,Lower Bay,37.24181,-76.38634,2002-09-18,2002,9,Fall,25.91,24.01,1.0,AP,0.0,0.0
WE4.2,Lower Bay,37.24181,-76.38634,2002-10-28,2002,10,Fall,17.7,23.89,1.0,AP,0.0,0.0
WE4.2,Lower Bay,37.24181,-76.38634,2002-11-19,2002,11,Fall,12.54,23.16,1.0,AP,0.0,0.0
WE4.2,Lower Bay,37.24181,-76.38634,2003-01-16,2003,1,Winter,4.25,19.2,1.0,AP,0.0,85248.0
WE4.2,Lower Bay,37.24181,-76.38634,2003-02-14,2003,2,Winter,3.5,19.76,1.0,AP,1920.0,4608.0
WE4.2,Lower Bay,37.24181,-76.38634,2003-03-13,2003,3,Spring,7.3,12.73,1.0,AP,227328.0,170496.0
WE4.2,Lower Bay,37.24181,-76.38634,2003-04-22,2003,4,Spring,13.87,14.44,1.0,AP,511488.0,1420800.0
WE4.2,Lower Bay,37.24181,-76.38634,2003-05-07,2003,5,Spring,17.16,15.54,1.0,AP,0.0,1477632.0
WE4.2,Lower Bay,37.24181,-76.38634,2003-06-19,2003,6,Summer,23.63,14.73,1.0,AP,0.0,512.0
WE4.2,Lower Bay,37.24181,-76.38634,2003-07-09,2003,7,Summer,26.88,17.37,1.0,AP,0.0,0.0
WE4.2,Lower Bay,37.24181,-76.38634,2003-08-04,2003,8,Summer,26.56,19.63,1.0,AP,0.0,0.0
WE4.2,Lower Bay,37.24181,-76.38634,2003-09-25,2003,9,Fall,24.47,14.12,1.0,AP,0.0,256.0
WE4.2,Lower Bay,37.24181,-76.38634,2003-10-24,2003,10,Fall,16.97,17.87,1.0,AP,0.0,1024.0
WE4.2,Lower Bay,37.24181,-76.38634,2003-11-18,2003,11,Fall,13.03,15.76,1.0,AP,0.0,0.0
WE4.2,Lower Bay,37.24181,-76.38634,2003-12-15,2003,12,Winter,7.62,16.78,1.0,AP,7680.0,1024.0
WE4.2,Lower Bay,37.24181,-76.38634,2004-03-24,2004,3,Spring,9.41,17.67,1.0,AP,454656.0,10240.0
WE4.2,Lower Bay,37.24181,-76.38634,2004-04-14,2004,4,Spring,10.67,16.63,1.0,AP,3456.0,170496.0
WE4.2,Lower Bay,37.24181,-76.38634,2004-05-12,2004,5,Spring,20.5,16.75,1.0,AP,1536.0,284160.0
WE4.2,Lower Bay,37.24181,-76.38634,2004-06-09,2004,6,Summer,24.37,16.15,1.0,AP,0.0,85248.0
WE4.2,Lower Bay,37.24181,-76.38634,2004-07-08,2004,7,Summer,27.82,18.08,1.0,AP,0.0,128.0
WE4.2,Lower Bay,37.24181,-76.38634,2004-08-12,2004,8,Summer,26.67,16.98,1.0,AP,128.0,1536.0
WE4.2,Lower Bay,37.24181,-76.38634,2004-09-09,2004,9,Fall,25.86,14.93,1.0,AP,0.0,0.0
WE4.2,Lower Bay,37.24181,-76.38634,2004-10-14,2004,10,Fall,19.47,15.87,1.0,AP,0.0,384.0
WE4.2,Lower Bay,37.24181,-76.38634,2004-11-16,2004,11,Fall,11.88,16.51,1.0,AP,0.0,1280.0
WE4.2,Lower Bay,37.24181,-76.38634,2004-12-10,2004,12,Winter,11.93,17.12,1.0,AP,0.0,0.0
WE4.2,Lower Bay,37.24181,-76.38634,2005-01-11,2005,1,Winter,7.25,15.38,1.0,AP,0.0,454656.0
WE4.2,Lower Bay,37.24181,-76.38634,2005-02-17,2005,2,Winter,5.47,15.77,1.0,AP,16384.0,227328.0
WE4.2,Lower Bay,37.24181,-76.38634,2005-03-15,2005,3,Spring,6.48,17.66,1.0,AP,397824.0,1363968.0
WE4.2,Lower Bay,37.24181,-76.38634,2005-04-11,2005,4,Spring,13.47,14.62,1.0,AP,12288.0,454656.0
WE4.2,Lower Bay,37.24181,-76.38634,2005-05-11,2005,5,Spring,16.72,15.94,1.0,AP,768.0,3456.0
WE4.2,Lower Bay,37.24181,-76.38634,2005-06-15,2005,6,Summer,24.52,16.59,1.0,AP,0.0,384.0
WE4.2,Lower Bay,37.24181,-76.38634,2005-07-13,2005,7,Summer,28.01,18.29,1.0,AP,0.0,90414.6
WE4.2,Lower Bay,37.24181,-76.38634,2005-08-10,2005,8,Summer,28.2,18.83,1.0,AP,0.0,0.0
WE4.2,Lower Bay,37.24181,-76.38634,2005-09-20,2005,9,Fall,26.81,20.96,1.0,AP,0.0,256.0
WE4.2,Lower Bay,37.24181,-76.38634,2005-10-21,2005,10,Fall,19.67,21.29,1.0,AP,0.0,0.0
WE4.2,Lower Bay,37.24181,-76.38634,2005-11-30,2005,11,Fall,11.89,21.11,1.0,AP,0.0,177600.0
WE4.2,Lower Bay,37.24181,-76.38634,2005-12-16,2005,12,Winter,6.61,20.47,1.0,AP,5120.0,85248.0
WE4.2,Lower Bay,37.24181,-76.38634,2006-01-19,2006,1,Winter,6.7,18.04,1.0,AP,6656.0,206661.8
WE4.2,Lower Bay,37.24181,-76.38634,2006-03-08,2006,3,Spring,7.31,17.55,1.0,AP,8192.0,340992.0
WE4.2,Lower Bay,37.24181,-76.38634,2006-04-07,2006,4,Spring,12.96,19.35,1.0,AP,0.0,81188.6
WE4.2,Lower Bay,37.24181,-76.38634,2006-05-23,2006,5,Spring,19.65,19.5,1.0,AP,0.0,32787.7
WE4.2,Lower Bay,37.24181,-76.38634,2006-06-07,2006,6,Summer,22.61,20.28,1.0,AP,0.0,256.0
WE4.2,Lower Bay,37.24181,-76.38634,2006-07-12,2006,7,Summer,26.44,19.89,1.0,AP,0.0,0.0
WE4.2,Lower Bay,37.24181,-76.38634,2006-07-26,2006,7,Summer,26.45,20.67,1.0,AP,0.0,98373.8
WE4.2,Lower Bay,37.24181,-76.38634,2006-08-17,2006,8,Summer,26.39,19.95,1.0,AP,0.0,0.0
WE4.2,Lower Bay,37.24181,-76.38634,2006-08-30,2006,8,Summer,27.88,22.37,1.0,AP,0.0,0.0
WE4.2,Lower Bay,37.24181,-76.38634,2006-09-20,2006,9,Fall,23.86,19.21,1.0,AP,0.0,640.0
WE4.2,Lower Bay,37.24181,-76.38634,2006-11-17,2006,11,Fall,14.47,18.57,1.0,AP,113664.0,42624.0
WE4.2,Lower Bay,37.24181,-76.38634,2006-12-11,2006,12,Winter,8.63,16.02,1.0,AP,191808.0,256.0
WE4.2,Lower Bay,37.24181,-76.38634,2007-01-09,2007,1,Winter,10.88,15.83,1.0,AP,44400.0,768.0
WE4.2,Lower Bay,37.24181,-76.38634,2007-02-12,2007,2,Winter,3.85,17.15,1.0,AP,5376.0,42624.0
WE4.2,Lower Bay,37.24181,-76.38634,2007-03-14,2007,3,Spring,8.39,17.49,1.0,AP,640.0,71040.0
WE4.2,Lower Bay,37.24181,-76.38634,2007-04-19,2007,4,Spring,11.39,16.6,1.0,AP,106496.0,505173.3
WE4.2,Lower Bay,37.24181,-76.38634,2007-05-12,2007,5,Spring,18.23,14.07,1.0,AP,0.0,21312.0
WE4.2,Lower Bay,37.24181,-76.38634,2007-06-11,2007,6,Summer,24.36,19.19,1.0,AP,512.0,512.0
WE4.2,Lower Bay,37.24181,-76.38634,2007-07-11,2007,7,Summer,27.45,21.18,1.0,AP,0.0,43716.9
WE4.2,Lower Bay,37.24181,-76.38634,2007-08-08,2007,8,Summer,29.14,21.57,1.0,AP,0.0,8704.0
WE4.2,Lower Bay,37.24181,-76.38634,2007-09-24,2007,9,Fall,25.26,22.28,1.0,AP,0.0,128.0
WE4.2,Lower Bay,37.24181,-76.38634,2007-10-17,2007,10,Fall,21.62,23.9,1.0,AP,0.0,0.0
WE4.2,Lower Bay,37.24181,-76.38634,2007-11-14,2007,11,Fall,14.14,23.49,1.0,AP,0.0,128.0
WE4.2,Lower Bay,37.24181,-76.38634,2007-12-12,2007,12,Winter,9.76,23.84,1.0,AP,512.0,640.0
WE4.2,Lower Bay,37.24181,-76.38634,2008-01-24,2008,1,Winter,5.04,22.04,1.0,AP,128.0,256.0
WE4.2,Lower Bay,37.24181,-76.38634,2008-02-22,2008,2,Winter,7.41,21.52,1.0,AP,1024.0,5824.0
WE4.2,Lower Bay,37.24181,-76.38634,2008-04-24,2008,4,Spring,19.05,16.81,1.0,AP,9216.0,1740480.0
WE4.2,Lower Bay,37.24181,-76.38634,2008-05-15,2008,5,Spring,19.84,15.87,1.0,AP,384.0,384.0
WE4.2,Lower Bay,37.24181,-76.38634,2008-06-10,2008,6,Summer,27.31,16.93,1.0,AP,0.0,56832.0
WE4.2,Lower Bay,37.24181,-76.38634,2008-07-09,2008,7,Summer,25.45,20.31,1.0,AP,0.0,0.0
WE4.2,Lower Bay,37.24181,-76.38634,2008-08-13,2008,8,Summer,26.01,19.26,1.0,AP,0.0,0.0
WE4.2,Lower Bay,37.24181,-76.38634,2008-09-18,2008,9,Fall,24.41,22.14,1.0,AP,0.0,128.0
WE4.2,Lower Bay,37.24181,-76.38634,2008-10-30,2008,10,Fall,13.42,22.57,1.0,AP,0.0,10656.0
WE4.2,Lower Bay,37.24181,-76.38634,2008-11-17,2008,11,Fall,13.53,22.83,1.0,AP,128.0,384.0
WE4.2,Lower Bay,37.24181,-76.38634,2008-12-18,2008,12,Winter,8.45,22.77,1.0,AP,0.0,1536.0
WE4.2,Lower Bay,37.24181,-76.38634,2009-01-13,2009,1,Winter,5.96,21.77,1.0,AP,1152.0,1408.0
WE4.2,Lower Bay,37.24181,-76.38634,2009-02-10,2009,2,Winter,4.58,21.97,1.0,AP,1152.0,1920.0
WE4.2,Lower Bay,37.24181,-76.38634,2009-03-23,2009,3,Spring,9.67,19.49,1.0,AP,3840.0,15744.0
WE4.2,Lower Bay,37.24181,-76.38634,2009-04-13,2009,4,Spring,12.66,20.44,1.0,AP,0.0,42624.0
WE4.2,Lower Bay,37.24181,-76.38634,2009-05-13,2009,5,Spring,20.2,18.75,1.0,AP,0.0,4096.0
WE4.2,Lower Bay,37.24181,-76.38634,2009-06-16,2009,6,Summer,25.0,18.65,1.0,AP,0.0,1664.0
WE4.2,Lower Bay,37.24181,-76.38634,2009-07-16,2009,7,Summer,25.64,19.11,1.0,AP,0.0,3072.0
WE4.2,Lower Bay,37.24181,-76.38634,2009-08-12,2009,8,Summer,28.46,21.48,1.0,AP,0.0,4992.0
WE4.2,Lower Bay,37.24181,-76.38634,2009-09-16,2009,9,Fall,23.9,19.51,1.0,AP,0.0,42624.0
WE4.2,Lower Bay,37.24181,-76.38634,2009-10-29,2009,10,Fall,16.73,21.71,1.0,AP,0.0,128.0
WE4.2,Lower Bay,37.24181,-76.38634,2009-11-16,2009,11,Fall,14.11,19.34,1.0,AP,0.0,256.0
WE4.2,Lower Bay,37.24181,-76.38634,2009-12-07,2009,12,Winter,10.9,19.08,1.0,AP,0.0,9472.0
WE4.2,Lower Bay,37.24181,-76.38634,2010-03-18,2010,3,Spring,9.1,15.99,1.0,AP,7296.0,4096.0
WE4.2,Lower Bay,37.24181,-76.38634,2010-04-12,2010,4,Spring,16.82,13.27,1.0,AP,384.0,383616.0
WE4.2,Lower Bay,37.24181,-76.38634,2010-05-14,2010,5,Spring,18.32,18.68,1.0,AP,768.0,256.0
WE4.2,Lower Bay,37.24181,-76.38634,2010-06-04,2010,6,Summer,24.61,19.2,1.0,AP,128.0,0.0
WE4.2,Lower Bay,37.24181,-76.38634,2010-07-14,2010,7,Summer,27.39,20.73,1.0,AP,0.0,71040.0
WE4.2,Lower Bay,37.24181,-76.38634,2010-08-03,2010,8,Summer,26.71,22.28,1.0,AP,0.0,640.0
WE4.2,Lower Bay,37.24181,-76.38634,2010-09-22,2010,9,Fall,25.09,23.22,1.0,AP,0.0,576.0
WE4.2,Lower Bay,37.24181,-76.38634,2010-10-20,2010,10,Fall,18.17,21.68,1.0,AP,0.0,0.0
WE4.2,Lower Bay,37.24181,-76.38634,2010-11-18,2010,11,Fall,13.2,21.98,1.0,AP,0.0,0.0
WE4.2,Lower Bay,37.24181,-76.38634,2010-12-17,2010,12,Winter,4.33,21.53,1.0,AP,14208.0,2176.0
WE4.2,Lower Bay,37.24181,-76.38634,2011-07-13,2011,7,Summer,28.74,16.89,1.0,AP,0.0,512.0
WE4.2,Lower Bay,37.24181,-76.38634,2011-08-10,2011,8,Summer,29.51,20.07,1.0,AP,0.0,4096.0
WE4.2,Lower Bay,37.24181,-76.38634,2011-09-22,2011,9,Fall,23.43,13.97,1.0,AP,0.0,0.0
WE4.2,Lower Bay,37.24181,-76.38634,2011-10-04,2011,10,Fall,20.28,15.25,1.0,AP,0.0,512.0
WE4.2,Lower Bay,37.24181,-76.38634,2011-10-18,2011,10,Fall,20.45,17.57,1.0,AP,0.0,256.0
WE4.2,Lower Bay,37.24181,-76.38634,2011-11-28,2011,11,Fall,13.02,18.29,1.0,AP,0.0,0.0
WE4.2,Lower Bay,37.24181,-76.38634,2011-12-14,2011,12,Winter,10.22,15.23,1.0,AP,512.0,128.0
WE4.2,Lower Bay,37.24181,-76.38634,2012-01-10,2012,1,Winter,7.86,15.98,1.0,AP,0.0,1573809.0
WE4.2,Lower Bay,37.24181,-76.38634,2012-02-16,2012,2,Winter,6.63,16.64,1.0,AP,38912.0,79360.0
WE4.2,Lower Bay,37.24181,-76.38634,2012-03-16,2012,3,Spring,13.23,15.73,1.0,AP,5504.0,71040.0
WE4.2,Lower Bay,37.24181,-76.38634,2012-04-19,2012,4,Spring,16.64,17.52,1.0,AP,384.0,42752.0
WE4.2,Lower Bay,37.24181,-76.38634,2012-05-23,2012,5,Spring,22.05,18.2,1.0,AP,0.0,0.0
WE4.2,Lower Bay,37.24181,-76.38634,2012-06-04,2012,6,Summer,23.38,19.27,1.0,AP,0.0,0.0
WE4.2,Lower Bay,37.24181,-76.38634,2012-07-25,2012,7,Summer,28.83,21.49,1.0,AP,0.0,0.0
WE4.2,Lower Bay,37.24181,-76.38634,2012-08-09,2012,8,Summer,28.36,21.95,1.0,AP,0.0,0.0
WE4.2,Lower Bay,37.24181,-76.38634,2012-09-17,2012,9,Fall,24.55,22.86,1.0,AP,0.0,0.0
WE4.2,Lower Bay,37.24181,-76.38634,2012-10-15,2012,10,Fall,18.53,23.19,1.0,AP,0.0,0.0
WE4.2,Lower Bay,37.24181,-76.38634,2012-11-12,2012,11,Fall,12.21,22.52,1.0,AP,1152.0,512.0
WE4.2,Lower Bay,37.24181,-76.38634,2012-12-10,2012,12,Winter,10.35,21.35,1.0,AP,47360.0,4480.0
WE4.2,Lower Bay,37.24181,-76.38634,2013-01-16,2013,1,Winter,7.73,,1.0,AP,0.0,0.0
WE4.2,Lower Bay,37.24181,-76.38634,2013-02-14,2013,2,Winter,6.94,18.84,1.0,AP,128.0,42624.0
WE4.2,Lower Bay,37.24181,-76.38634,2013-03-20,2013,3,Spring,7.77,16.56,1.0,AP,768.0,5760.0
WE4.2,Lower Bay,37.24181,-76.38634,2013-04-17,2013,4,Spring,14.57,18.67,1.0,AP,384.0,10112.0
WE4.2,Lower Bay,37.24181,-76.38634,2013-05-14,2013,5,Spring,18.94,16.22,1.0,AP,128.0,0.0
WE4.2,Lower Bay,37.24181,-76.38634,2013-06-03,2013,6,Summer,22.19,19.83,1.0,AP,0.0,256.0
WE4.2,Lower Bay,37.24181,-76.38634,2013-07-18,2013,7,Summer,29.69,19.65,1.0,AP,0.0,42624.0
WE4.2,Lower Bay,37.24181,-76.38634,2013-08-13,2013,8,Summer,27.9,20.77,1.0,AP,0.0,401167.1
WE4.2,Lower Bay,37.24181,-76.38634,2013-09-19,2013,9,Fall,24.2,21.85,1.0,AP,0.0,448.0
WE4.2,Lower Bay,37.24181,-76.38634,2013-10-22,2013,10,Fall,19.28,21.15,1.0,AP,0.0,256.0
WE4.2,Lower Bay,37.24181,-76.38634,2013-11-11,2013,11,Fall,14.26,21.61,1.0,AP,0.0,128.0
WE4.2,Lower Bay,37.24181,-76.38634,2013-12-12,2013,12,Winter,7.26,20.94,1.0,AP,384.0,0.0
WE4.2,Lower Bay,37.24181,-76.38634,2014-02-17,2014,2,Winter,3.06,18.39,1.0,AP,1024.0,2560.0
WE4.2,Lower Bay,37.24181,-76.38634,2014-03-20,2014,3,Spring,6.23,19.74,1.0,AP,11008.0,113664.0
WE4.2,Lower Bay,37.24181,-76.38634,2014-04-14,2014,4,Spring,14.91,16.37,1.0,AP,0.0,113664.0
WE4.2,Lower Bay,37.24181,-76.38634,2014-05-14,2014,5,Spring,21.05,15.36,1.0,AP,1024.0,170496.0
WE4.2,Lower Bay,37.24181,-76.38634,2014-06-04,2014,6,Summer,23.01,15.45,1.0,AP,0.0,512.0
WE4.2,Lower Bay,37.24181,-76.38634,2014-07-07,2014,7,Summer,25.9,18.39,1.0,AP,0.0,128.0
WE4.2,Lower Bay,37.24181,-76.38634,2014-08-06,2014,8,Summer,25.94,18.59,1.0,AP,0.0,640.0
WE4.2,Lower Bay,37.24181,-76.38634,2014-09-17,2014,9,Fall,24.3,20.36,1.0,AP,0.0,0.0
WE4.2,Lower Bay,37.24181,-76.38634,2014-10-22,2014,10,Fall,19.0,22.08,1.0,AP,0.0,128.0
WE4.2,Lower Bay,37.24181,-76.38634,2014-11-25,2014,11,Fall,10.033,22.3,1.0,AP,1536.0,256.0
WE4.2,Lower Bay,37.24181,-76.38634,2014-12-17,2014,12,Winter,7.489,22.35,1.0,AP,0.0,640.0
WE4.2,Lower Bay,37.24181,-76.38634,2015-01-12,2015,1,Winter,4.375,20.82,1.0,AP,0.0,512.0
WE4.2,Lower Bay,37.24181,-76.38634,2015-02-09,2015,2,Winter,4.259,21.08,1.0,AP,260.0,260.0
WE4.2,Lower Bay,37.24181,-76.38634,2015-03-09,2015,3,Spring,3.235,20.56,1.0,AP,8192.0,1280.0
WE4.2,Lower Bay,37.24181,-76.38634,2015-04-08,2015,4,Spring,11.256,19.68,1.0,AP,2048.0,25072.9
WE4.2,Lower Bay,37.24181,-76.38634,2015-05-07,2015,5,Spring,18.293,18.95,1.0,AP,0.0,512.0
WE4.2,Lower Bay,37.24181,-76.38634,2015-06-05,2015,6,Summer,22.267,19.87,1.0,AP,0.0,27062.9
WE4.2,Lower Bay,37.24181,-76.38634,2015-07-08,2015,7,Summer,27.464,20.2,1.0,AP,0.0,47360.0
WE4.2,Lower Bay,37.24181,-76.38634,2015-08-06,2015,8,Summer,28.699,20.6,1.0,AP,128.0,128.0
WE4.2,Lower Bay,37.24181,-76.38634,2015-10-22,2015,10,Fall,16.956,20.51,1.0,AP,0.0,256.0
WE4.2,Lower Bay,37.24181,-76.38634,2015-11-24,2015,11,Fall,13.27,21.39,1.0,AP,0.0,0.0
WE4.2,Lower Bay,37.24181,-76.38634,2015-12-15,2015,12,Winter,13.325,22.4,1.0,AP,0.0,384.0
WE4.2,Lower Bay,37.24181,-76.38634,2016-01-11,2016,1,Winter,9.313,21.02,1.0,AP,13320.0,0.0
WE4.2,Lower Bay,37.24181,-76.38634,2016-02-09,2016,2,Winter,5.598,20.33,1.0,AP,256.0,640.0
WE4.2,Lower Bay,37.24181,-76.38634,2016-03-14,2016,3,Spring,10.273,18.81,1.0,AP,5120.0,21504.0
WE4.2,Lower Bay,37.24181,-76.38634,2016-04-18,2016,4,Spring,13.672,20.08,1.0,AP,2176.0,2304.0
WE4.2,Lower Bay,37.24181,-76.38634,2016-05-10,2016,5,Spring,17.919,18.24,1.0,AP,128.0,768.0
WE4.2,Lower Bay,37.24181,-76.38634,2016-06-07,2016,6,Summer,24.761,16.54,1.0,AP,256.0,284160.0
WE4.2,Lower Bay,37.24181,-76.38634,2016-07-13,2016,7,Summer,27.787,19.84,1.0,AP,0.0,163392.0
WE4.2,Lower Bay,37.24181,-76.38634,2016-08-10,2016,8,Summer,28.252,21.09,1.0,AP,0.0,384.0
WE4.2,Lower Bay,37.24181,-76.38634,2016-09-27,2016,9,Fall,24.581,22.42,1.0,AP,0.0,0.0
WE4.2,Lower Bay,37.24181,-76.38634,2016-10-19,2016,10,Fall,20.968,20.03,1.0,AP,0.0,128.0
WE4.2,Lower Bay,37.24181,-76.38634,2016-11-15,2016,11,Fall,13.685,22.55,1.0,AP,0.0,128.0
WE4.2,Lower Bay,37.24181,-76.38634,2016-12-14,2016,12,Winter,8.662,23.02,1.0,AP,768.0,32787.69999
WE4.2,Lower Bay,37.24181,-76.38634,2017-01-26,2017,1,Winter,7.318,20.96,1.0,AP,1152.0,10496.0
WE4.2,Lower Bay,37.24181,-76.38634,2017-02-17,2017,2,Winter,6.55,20.86,1.0,AP,2560.0,6144.0
WE4.2,Lower Bay,37.24181,-76.38634,2017-03-27,2017,3,Spring,10.447,20.87,1.0,AP,0.0,1536.0
WE4.2,Lower Bay,37.24181,-76.38634,2017-04-12,2017,4,Spring,14.495,20.58,1.0,AP,192.0,832.0
WE4.2,Lower Bay,37.24181,-76.38634,2017-05-10,2017,5,Spring,18.512,19.26,1.0,AP,0.0,512.0
WE4.2,Lower Bay,37.24181,-76.38634,2017-06-14,2017,6,Summer,25.708,18.11,1.0,AP,0.0,8832.0
WE4.2,Lower Bay,37.24181,-76.38634,2017-07-17,2017,7,Summer,28.552,18.95,1.0,AP,0.0,133722.0
WE4.2,Lower Bay,37.24181,-76.38634,2017-08-08,2017,8,Summer,26.435,21.14,1.0,AP,0.0,10656.0
WE4.2,Lower Bay,37.24181,-76.38634,2017-09-20,2017,9,Fall,24.7,20.17,1.0,AP,0.0,1152.0
WE4.2,Lower Bay,37.24181,-76.38634,2017-10-20,2017,10,Fall,20.672,20.62,1.0,AP,0.0,0.0
WE4.2,Lower Bay,37.24181,-76.38634,2017-11-15,2017,11,Fall,13.49,21.21,1.0,AP,0.0,0.0
WE4.2,Lower Bay,37.24181,-76.38634,2018-01-16,2018,1,Winter,1.852,21.22,1.0,AP,6016.0,256.0
WE4.2,Lower Bay,37.24181,-76.38634,2018-02-15,2018,2,Winter,6.574,20.33,1.0,AP,896.0,2176.0
WE4.2,Lower Bay,37.24181,-76.38634,2018-03-14,2018,3,Spring,6.171,20.73,1.0,AP,384.0,44160.0
WE4.2,Lower Bay,37.24181,-76.38634,2018-04-17,2018,4,Spring,12.784,20.0,1.0,AP,2176.0,88800.0
WE4.2,Lower Bay,37.24181,-76.38634,2018-05-16,2018,5,Spring,21.9,17.98,1.0,AP,256.0,20297.09999
WE4.2,Lower Bay,37.24181,-76.38634,2018-06-04,2018,6,Summer,25.161,12.97,1.0,AP,0.0,3328.0
WE4.2,Lower Bay,37.24181,-76.38634,2018-07-09,2018,7,Summer,27.209,14.52,1.0,AP,0.0,37389.5
WE4.2,Lower Bay,37.24181,-76.38634,2018-08-08,2018,8,Summer,28.686,16.1,1.0,AP,0.0,33430.6
WE4.2,Lower Bay,37.24181,-76.38634,2018-09-26,2018,9,Fall,26.714,15.57,1.0,AP,0.0,384.0
WE4.2,Lower Bay,37.24181,-76.38634,2018-10-15,2018,10,Fall,23.036,12.83,1.0,AP,0.0,0.0
WE4.2,Lower Bay,37.24181,-76.38634,2018-11-13,2018,11,Fall,14.405,14.13,1.0,AP,0.0,7040.0
WE4.2,Lower Bay,37.24181,-76.38634,2018-12-11,2018,12,Winter,6.625,12.16,1.0,AP,20297.09999,365348.6
WE4.2,Lower Bay,37.24181,-76.38634,2019-01-15,2019,1,Winter,5.564,10.49,1.0,AP,40594.3,71040.0
WE4.2,Lower Bay,37.24181,-76.38634,2019-02-15,2019,2,Winter,6.671,11.78,1.0,AP,255744.0,227328.0
WE4.2,Lower Bay,37.24181,-76.38634,2019-03-14,2019,3,Spring,7.472,11.6,1.0,AP,525696.0,852480.0
WE4.2,Lower Bay,37.24181,-76.38634,2019-04-23,2019,4,Spring,17.093,15.11,1.0,AP,0.0,3637248.0
WE4.2,Lower Bay,37.24181,-76.38634,2019-05-20,2019,5,Spring,21.834,13.81,1.0,AP,0.0,42624.0
WE4.2,Lower Bay,37.24181,-76.38634,2019-06-03,2019,6,Summer,25.596,14.99,1.0,AP,0.0,0.0
WE4.2,Lower Bay,37.24181,-76.38634,2019-07-10,2019,7,Summer,28.02,15.1,1.0,AP,0.0,2816.0
WE4.2,Lower Bay,37.24181,-76.38634,2019-08-06,2019,8,Summer,26.782,19.37,1.0,AP,0.0,2688.0
WE4.2,Lower Bay,37.24181,-76.38634,2019-09-20,2019,9,Fall,24.155,19.7,1.0,AP,64.0,64.0
WE4.2,Lower Bay,37.24181,-76.38634,2019-10-16,2019,10,Fall,21.178,22.07,1.0,AP,0.0,384.0
WE4.2,Lower Bay,37.24181,-76.38634,2019-11-11,2019,11,Fall,14.411,21.77,1.0,AP,18532.2,18532.2
WE4.2,Lower Bay,37.24181,-76.38634,2019-12-09,2019,12,Winter,9.019,22.12,1.0,AP,17760.0,21312.0
WE4.2,Lower Bay,37.24181,-76.38634,2020-01-15,2020,1,Winter,9.334,21.68,1.0,AP,0.0,0.0
WE4.2,Lower Bay,37.24181,-76.38634,2020-02-18,2020,2,Winter,8.98,18.32,1.0,AP,3456.0,3072.0
WE4.2,Lower Bay,37.24181,-76.38634,2020-05-27,2020,5,Spring,19.386,17.21,1.0,AP,0.0,512.0
WE4.2,Lower Bay,37.24181,-76.38634,2020-06-24,2020,6,Summer,24.388,17.62,1.0,AP,0.0,640.0
WE4.2,Lower Bay,37.24181,-76.38634,2020-07-15,2020,7,Summer,28.813,18.92,1.0,AP,0.0,55596.5
WE4.2,Lower Bay,37.24181,-76.38634,2020-08-06,2020,8,Summer,29.141,20.99,1.0,AP,0.0,127872.0
WE4.2,Lower Bay,37.24181,-76.38634,2020-10-14,2020,10,Fall,20.201,19.7,1.0,AP,0.0,2432.0
WE4.2,Lower Bay,37.24181,-76.38634,2020-11-16,2020,11,Fall,16.281,18.78,1.0,AP,2048.0,15786.7
WE4.2,Lower Bay,37.24181,-76.38634,2021-01-19,2021,1,Winter,6.562,17.0,1.0,AP,768.0,0.0
WE4.2,Lower Bay,37.24181,-76.38634,2021-02-09,2021,2,Winter,5.97,18.95,1.0,AP,127872.0,0.0
WE4.2,Lower Bay,37.24181,-76.38634,2021-03-16,2021,3,Spring,8.205,16.32,1.0,AP,47360.0,47360.0
WE4.2,Lower Bay,37.24181,-76.38634,2021-04-07,2021,4,Spring,13.66,15.24,1.0,AP,42624.0,512.0
WE4.2,Lower Bay,37.24181,-76.38634,2021-05-11,2021,5,Spring,17.442,18.03,1.0,AP,512.0,192.0
WE4.2,Lower Bay,37.24181,-76.38634,2021-06-01,2021,6,Summer,23.506,17.8,1.0,AP,0.0,192.0
WE4.2,Lower Bay,37.24181,-76.38634,2021-07-08,2021,7,Summer,27.029,20.19,1.0,AP,0.0,1536.0
WE4.2,Lower Bay,37.24181,-76.38634,2021-08-06,2021,8,Summer,25.924,19.49,1.0,AP,0.0,5248.0
WE4.2,Lower Bay,37.24181,-76.38634,2021-09-15,2021,9,Fall,25.673,21.03,1.0,AP,0.0,128.0
WE4.2,Lower Bay,37.24181,-76.38634,2021-10-14,2021,10,Fall,22.633,19.38,1.0,AP,0.0,42097.8
WE4.2,Lower Bay,37.24181,-76.38634,2021-11-11,2021,11,Fall,14.486,19.89,1.0,AP,7104.0,2432.0
WE4.2,Lower Bay,37.24181,-76.38634,2021-12-06,2021,12,Winter,10.309,20.39,1.0,AP,640.0,2304.0
WE4.2,Lower Bay,37.24181,-76.38634,2022-01-19,2022,1,Winter,5.269,19.35,1.0,AP,64.0,128.0
WE4.2,Lower Bay,37.24181,-76.38634,2022-02-09,2022,2,Winter,5.211,17.92,1.0,AP,256.0,56832.0
WE4.2,Lower Bay,37.24181,-76.38634,2022-03-16,2022,3,Spring,9.392,18.71,1.0,AP,21312.0,53280.0
WE4.2,Lower Bay,37.24181,-76.38634,2022-04-25,2022,4,Spring,16.967,18.46,1.0,AP,1024.0,30445.7
WE4.2,Lower Bay,37.24181,-76.38634,2022-05-16,2022,5,Spring,17.892,16.44,1.0,AP,14208.0,896.0
WE4.2,Lower Bay,37.24181,-76.38634,2022-06-07,2022,6,Summer,23.993,16.57,1.0,AP,0.0,64581.8
WE4.2,Lower Bay,37.24181,-76.38634,2022-07-12,2022,7,Summer,26.092,20.35,1.0,AP,0.0,1920.0
WE4.2,Lower Bay,37.24181,-76.38634,2022-08-08,2022,8,Summer,28.822,21.26,1.0,AP,0.0,17760.0
WE4.2,Lower Bay,37.24181,-76.38634,2022-10-20,2022,10,Fall,17.33,23.27,1.0,AP,0.0,0.0
WE4.2,Lower Bay,37.24181,-76.38634,2022-12-05,2022,12,Winter,10.788,23.34,1.0,AP,54646.2,2432.0
WE4.2,Lower Bay,37.24181,-76.38634,2023-01-20,2023,1,Winter,7.322,20.45,1.0,AP,0.0,0.0
WE4.2,Lower Bay,37.24181,-76.38634,2023-02-21,2023,2,Winter,8.834,21.62,1.0,AP,0.0,0.0
WE4.2,Lower Bay,37.24181,-76.38634,2023-03-16,2023,3,Spring,9.24,20.31,1.0,AP,25072.9,75218.8
WE4.2,Lower Bay,37.24181,-76.38634,2023-04-24,2023,4,Spring,17.187,21.75,1.0,AP,0.0,10656.0
WE4.2,Lower Bay,37.24181,-76.38634,2023-05-09,2023,5,Spring,18.98,20.74,1.0,AP,0.0,3840.0
WE4.2,Lower Bay,37.24181,-76.38634,2023-06-09,2023,6,Summer,21.751,19.43,1.0,AP,512.0,15744.0
WE4.2,Lower Bay,37.24181,-76.38634,2023-07-12,2023,7,Summer,29.181,20.56,1.0,AP,0.0,640.0
WE4.2,Lower Bay,37.24181,-76.38634,2023-08-07,2023,8,Summer,27.084,22.69,1.0,AP,0.0,640.0
WE4.2,Lower Bay,37.24181,-76.38634,2023-09-13,2023,9,Fall,27.706,21.87,1.0,AP,0.0,10656.0
WE4.2,Lower Bay,37.24181,-76.38634,2023-10-12,2023,10,Fall,20.294,22.33,1.0,AP,0.0,256.0
WE4.2,Lower Bay,37.24181,-76.38634,2023-11-16,2023,11,Fall,14.357,22.75,1.0,AP,0.0,128.0
WE4.2,Lower Bay,37.24181,-76.38634,2023-12-13,2023,12,Winter,10.053,22.73,1.0,AP,0.0,640.0
WE4.2,Lower Bay,37.24181,-76.38634,2024-01-23,2024,1,Winter,4.71,16.64,1.0,AP,19374.5,1280.0
WE4.2,Lower Bay,37.24181,-76.38634,2024-02-19,2024,2,Winter,7.099,17.24,1.0,AP,42624.0,56832.0
WE4.2,Lower Bay,37.24181,-76.38634,2024-03-15,2024,3,Spring,11.746,15.12,1.0,AP,28416.0,28416.0
WE4.2,Lower Bay,37.24181,-76.38634,2024-04-15,2024,4,Spring,14.725,,1.0,AP,21312.0,21312.0
WE4.2,Lower Bay,37.24181,-76.38634,2024-05-14,2024,5,Spring,19.857,15.57,1.0,AP,0.0,256.0
WE4.2,Lower Bay,37.24181,-76.38634,2024-06-13,2024,6,Summer,25.459,16.65,1.0,AP,0.0,6144.0
WE4.2,Lower Bay,37.24181,-76.38634,2024-06-27,2024,6,Summer,26.684,18.69,1.0,AP,0.0,0.0
WE4.2,Lower Bay,37.24181,-76.38634,2024-07-12,2024,7,Summer,27.625,19.9,1.0,AP,0.0,10656.0
WE4.2,Lower Bay,37.24181,-76.38634,2024-07-30,2024,7,Summer,26.212,20.26,1.0,AP,0.0,0.0
WE4.2,Lower Bay,37.24181,-76.38634,2024-08-19,2024,8,Summer,27.053,20.46,1.0,AP,0.0,17760.0
WE4.2,Lower Bay,37.24181,-76.38634,2024-08-28,2024,8,Summer,27.084,19.45,1.0,AP,0.0,0.0
WE4.2,Lower Bay,37.24181,-76.38634,2024-09-20,2024,9,Fall,23.855,18.95,1.0,AP,0.0,128.0
WE4.2,Lower Bay,37.24181,-76.38634,2024-10-15,2024,10,Fall,20.003,19.7,1.0,AP,0.0,3072.0
WE4.2,Lower Bay,37.24181,-76.38634,2024-12-16,2024,12,Winter,7.939,22.19,1.0,AP,0.0,0.0
WE4.2,Lower Bay,37.24181,-76.38634,2025-01-16,2025,1,Winter,3.111,22.28,1.0,AP,128.0,768.0
WE4.2,Lower Bay,37.24181,-76.38634,2025-02-18,2025,2,Winter,6.123,17.05,1.0,AP,17760.0,384.0
WE4.2,Lower Bay,37.24181,-76.38634,2025-03-17,2025,3,Spring,9.936,19.76,1.0,AP,10656.0,10656.0
WE4.2,Lower Bay,37.24181,-76.38634,2025-04-17,2025,4,Spring,14.54,18.52,1.0,AP,1536.0,159840.0
WE4.2,Lower Bay,37.24181,-76.38634,2025-05-07,2025,5,Spring,22.03,19.07,1.0,AP,256.0,128.0
WE4.2,Lower Bay,37.24181,-76.38634,2025-06-05,2025,6,Summer,23.104,17.33,1.0,AP,0.0,56832.0
WE4.2,Lower Bay,37.24181,-76.38634,2025-07-24,2025,7,Summer,28.745,18.59,1.0,AP,0.0,60891.4
WE4.2,Lower Bay,37.24181,-76.38634,2025-08-29,2025,8,Summer,25.814,18.83,1.0,AP,0.0,42624.0
